id,tag,base,type,daily,monthly,parent_id,floor,column,zone,position,function,utility,tenant,tenant_display,main_display
1,Main Incomer 1 - HV02,10000,Modbus,0,0,629,B4,n/a,n/a,n/a,Incomer,Electricity,n/a,,no
2,Main Incomer 2 - HV04,10100,Modbus,0,0,629,B4,n/a,n/a,n/a,Incomer,Electricity,n/a,yes,no
3,HV Switch Room Supply - HV14,10200,Modbus,0,0,1,B4,n/a,n/a,n/a,HV/LL/SB/B2/01.05,Electricity,n/a,,no
4,HV Switch Room Supply - HV16,10300,Modbus,0,0,2,B4,n/a,n/a,n/a,HV/LL/SB/B2/01.6,Electricity,n/a,,no
5,Generator Feed - GHV6,10400,Modbus,0,0,630,B4,n/a,n/a,n/a,HV/GEN/SB/B2/01,Electricity,n/a,,no
6,Generator Feed - GHV7,10500,Modbus,0,0,630,B4,n/a,n/a,n/a,HV/GEN/SB/B2/01,Electricity,n/a,,no
7,HV Switch Room Supply - HV15,10600,Modbus,0,0,1,B4,n/a,n/a,n/a,HV/LL/SB/B2/02.16,Electricity,n/a,,no
8,HV Switch Room Supply - HV17,10700,Modbus,0,0,2,B4,n/a,n/a,n/a,HV/LL/SB/B2/02.15,Electricity,n/a,,no
9,Generator Feed - GHV8,10800,Modbus,0,0,630,B4,n/a,n/a,n/a,HV/GEN/SB/B2/01.07,Electricity,n/a,,no
10,Generator Feed - GHV9,10900,Modbus,0,0,630,B4,n/a,n/a,n/a,HV/GEN/SB/B2/01,Electricity,n/a,,no
11,Generator Load Bank GHV5,11000,Modbus,0,0,630,B4,n/a,n/a,n/a,HV/LB/48/01,Electricity,n/a,,no
12,LV05 - TX5 LV Incomer,11100,Modbus,0,0,7,B4,n/a,n/a,n/a,SWB-meter,Electricity,n/a,,no
13,LV05 - MCCB B1,11200,Modbus,0,0,12,B4,n/a,n/a,n/a,SWB-meter,Electricity,n/a,,no
14,LV05 - MCCB B4/03,11300,Modbus,0,0,12,B4,n/a,n/a,n/a,SWB-meter,Electricity,n/a,,no
15,LV05 - West Core Power B1-FL23,11400,Modbus,0,0,12,B4,n/a,n/a,n/a,SWB-meter,Electricity,n/a,,no
16,LV05 - DB/FF/W-E/B1/01 (Prim.),11500,Modbus,0,0,12,B4,n/a,n/a,n/a,SWB-meter,Electricity,n/a,,no
17,LV05 - AHU - Changing Area,11600,Modbus,0,0,12,B4,n/a,n/a,n/a,SWB-meter,Electricity,n/a,,no
18,LV05 - Chiller C4,11700,Modbus,0,0,12,B4,n/a,n/a,n/a,SWB-meter,Electricity,n/a,,
19,LV05 - TX Room Cooling A,11800,Modbus,0,0,12,B4,n/a,n/a,n/a,SWB-meter,Electricity,n/a,,
20,LV05 - Lifts Low Rise MCC,11900,Modbus,0,0,12,B4,n/a,n/a,n/a,SWB-meter,Electricity,n/a,,
21,LV05 - Car Park Fans/Base. Vent. (Prim.),12000,Modbus,0,0,12,B4,n/a,n/a,n/a,SWB-meter,Electricity,n/a,,
22,LV05 - Rising BusBar B1-FL24 - Landlords,12100,Modbus,0,0,12,B4,n/a,n/a,n/a,SWB-meter,Electricity,n/a,,
23,LV05 - Basement Vent/LB/CP Exhaust Fans,12200,Modbus,0,0,12,B4,n/a,n/a,n/a,SWB-meter,Electricity,n/a,,
24,LV05 - MER Cooling A,12300,Modbus,0,0,12,B4,n/a,n/a,n/a,SWB-meter,Electricity,n/a,,
25,LV05 - MER Bypass/SEC RM DB,12400,Modbus,0,0,12,B4,n/a,n/a,n/a,SWB-meter,Electricity,n/a,,
26,LV06 -TX6 LV INCOMER,12500,Modbus,0,0,4,B4,n/a,n/a,n/a,SWB-meter,Electricity,n/a,,
27,LV06 -Fuel Trans Pumps (Prim.),12600,Modbus,0,0,26,B4,n/a,n/a,n/a,SWB-meter,Electricity,n/a,,
28,LV06 -MER UPS Supply/SEC Romm UPS,12700,Modbus,0,0,26,B4,n/a,n/a,n/a,SWB-meter,Electricity,n/a,,
29,LV06 -Chiller C3,12800,Modbus,0,0,26,B4,n/a,n/a,n/a,SWB-meter,Electricity,n/a,,
30,LV06 -Bike Area Exhaust Fans (Prim.),12900,Modbus,0,0,26,B4,n/a,n/a,n/a,SWB-meter,Electricity,n/a,,
31,LV06 -TX Room Cooling B 01/02/05/06,13000,Modbus,0,0,26,B4,n/a,n/a,n/a,SWB-meter,Electricity,n/a,,
32,LV06 -MER Cooling B,13100,Modbus,0,0,26,B4,n/a,n/a,n/a,SWB-meter,Electricity,n/a,,
33,LV06 - DB/LL/E/01-09-19/01,13200,Modbus,0,0,26,B4,n/a,n/a,n/a,SWB-meter,Electricity,n/a,,
34,LV06 - DB/FF/SW/B1/01,13300,Modbus,0,0,26,B4,n/a,n/a,n/a,SWB-meter,Electricity,n/a,,
35,LV06 - Wet Riser Pump 1,13400,Modbus,0,0,26,B4,n/a,n/a,n/a,SWB-meter,Electricity,n/a,,
36,LV06 - PDB/B1/04 A22,13500,Modbus,0,0,26,B4,n/a,n/a,n/a,SWB-meter,Electricity,n/a,,
37,LV06 - Water Heater AHUE B1 Unit1,13600,Modbus,0,0,26,B4,n/a,n/a,n/a,SWB-meter,Electricity,n/a,,
38,LV06 - Water Heater AHUE B1 Unit2,13700,Modbus,0,0,26,B4,n/a,n/a,n/a,SWB-meter,Electricity,n/a,,
39,LV01 - TX1 LV INCOMER,13800,Modbus,0,0,3,B4,n/a,n/a,n/a,SWB-meter,Electricity,n/a,,
40,LV02 - TX2 LV INCOMER,13900,Modbus,0,0,8,B4,n/a,n/a,n/a,SWB-meter,Electricity,n/a,,
41,LV01 - Rising BusBar West FL4-FL18 - Tenants,14000,Modbus,0,0,39,B4,n/a,n/a,n/a,SWB-meter,Electricity,n/a,,
42,LV01 - Rising BusBar West FL19-FL24 - Tenants,14100,Modbus,0,0,39,B4,n/a,n/a,n/a,SWB-meter,Electricity,n/a,,
43,LV02 - Rising BusBar East FL4-FL18 - Tenants,14200,Modbus,0,0,40,B4,n/a,n/a,n/a,SWB-meter,Electricity,n/a,,
44,LV02 - Rising BusBar East FL19-FL24 - Tenants,14300,Modbus,0,0,40,B4,n/a,n/a,n/a,SWB-meter,Electricity,n/a,,
45,LV02 - UPS I/O Panel,14400,Modbus,0,0,40,B4,n/a,n/a,n/a,SWB-meter,Electricity,n/a,,
46,LV02 - AON Mail,14500,Modbus,0,0,40,Basement,1,North,0,,Electricity,AON,yes,
47,LV02 - AON Staff,14600,Modbus,0,0,40,Basement,1,North,1,,Electricity,AON,yes,
48,LV02 - AON B1BP,14700,Modbus,0,0,40,Basement,1,North,2,,Electricity,AON,yes,
49,LV03 - TX3 LV INCOMER,14800,Modbus,0,0,7,B4,n/a,n/a,n/a,SWB-meter,Electricity,n/a,,
50,LV03 - DB/FF/W-E/B1/01 (Sec.),14900,Modbus,0,0,49,B4,n/a,n/a,n/a,SWB-meter,Electricity,n/a,,
51,LV03 - HV TX2 Room Cooling/Comms Room Cooling A,15000,Modbus,0,0,49,B4,n/a,n/a,n/a,SWB-meter,Electricity,n/a,,
52,LV03 - DB/LL/B3/03 (South),15100,Modbus,0,0,49,B4,n/a,n/a,n/a,SWB-meter,Electricity,n/a,,
53,LV03 - DB/LL/B3/04 (Loading Bay),15200,Modbus,0,0,49,B4,n/a,n/a,n/a,SWB-meter,Electricity,n/a,,
54,LV03 - FAP/VAP - DB/SEC/00/01 (Sec.),15300,Modbus,0,0,49,B4,n/a,n/a,n/a,SWB-meter,Electricity,n/a,,
55,LV03 - Comms Room UPS (Prim.),15400,Modbus,0,0,49,B4,n/a,n/a,n/a,SWB-meter,Electricity,n/a,,
56,LV03 - Retail Tenant Ryefiled Board (Prim.),15500,Modbus,0,0,49,B4,n/a,n/a,n/a,SWB-meter,Electricity,n/a,,
57,LV03 - Escalator 3-4-5,15600,Modbus,0,0,49,B4,n/a,n/a,n/a,SWB-meter,Electricity,n/a,,
58,LV03 - LB Car Park Fans/Basement Vent. (Sec.),15700,Modbus,0,0,49,B4,n/a,n/a,n/a,SWB-meter,Electricity,n/a,,
59,LV03 - HV SW Room LL 1-2 and Gen. Battery Chargers,15800,Modbus,0,0,49,B4,n/a,n/a,n/a,SWB-meter,Electricity,n/a,,
60,LV03 - CHW Pumps,15900,Modbus,0,0,49,B4,n/a,n/a,n/a,SWB-meter,Electricity,n/a,,
61,LV03 - Cond. Pumps,16000,Modbus,0,0,49,B4,n/a,n/a,n/a,SWB-meter,Electricity,n/a,,
62,LV03 - Chiller Room,16100,Modbus,0,0,49,B4,n/a,n/a,n/a,SWB-meter,Electricity,n/a,,
63,LV03 - Chiller C2,16200,Modbus,0,0,49,B4,n/a,n/a,n/a,SWB-meter,Electricity,n/a,,
64,LV03 - TX Room Cooling B 01/03/04,16300,Modbus,0,0,49,B4,n/a,n/a,n/a,SWB-meter,Electricity,n/a,,
65,LV03 - DB/LL/B2/02 (South),16400,Modbus,0,0,49,B4,n/a,n/a,n/a,SWB-meter,Electricity,n/a,,
66,LV04 - TX4 LV INCOMER,16500,Modbus,0,0,4,B4,n/a,n/a,n/a,SWB-meter,Electricity,n/a,,
67,LV04 - Comms Room Bypass,16600,Modbus,0,0,66,B4,n/a,n/a,n/a,SWB-meter,Electricity,n/a,,
68,LV04 - DB/FF/SW/B1/01  (Sec.),16700,Modbus,0,0,66,B4,n/a,n/a,n/a,SWB-meter,Electricity,n/a,,
69,LV04 - Wet Riser Pump 1 (Sec.),16800,Modbus,0,0,66,B4,n/a,n/a,n/a,SWB-meter,Electricity,n/a,,
70,LV04 - Fuel Trans Pumps (Sec.),16900,Modbus,0,0,66,B4,n/a,n/a,n/a,SWB-meter,Electricity,n/a,,
71,LV04 - TX Room Cooling B 01/03/04,17000,Modbus,0,0,66,B4,n/a,n/a,n/a,SWB-meter,Electricity,n/a,,
72,LV04 - Chiller C1,17100,Modbus,0,0,66,B4,n/a,n/a,n/a,SWB-meter,Electricity,n/a,,
73,LV04 - TX2 and Comms Room Cooling,17200,Modbus,0,0,66,B4,n/a,n/a,n/a,SWB-meter,Electricity,n/a,,
74,LV04 - DCW Pumps,17300,Modbus,0,0,66,B4,n/a,n/a,n/a,SWB-meter,Electricity,n/a,,
75,LV04 - Escalator 1-2-6,17400,Modbus,0,0,66,B4,n/a,n/a,n/a,SWB-meter,Electricity,n/a,,
76,LV04 - HV SW Room LL 1-2 and Gen. Battery Chargers,17500,Modbus,0,0,66,B4,n/a,n/a,n/a,SWB-meter,Electricity,n/a,,
77,LV04 - Retail Tenant Ryefiled Board  (Sec.),17600,Modbus,0,0,66,B4,n/a,n/a,n/a,SWB-meter,Electricity,n/a,,
78,LV04 - DB/LL/B3/EVC/02,17700,Modbus,0,0,66,B4,n/a,n/a,n/a,SWB-meter,Electricity,n/a,,
79,LV07 - TX07 LV INCOMER,17800,Modbus,0,0,3,B4,n/a,n/a,n/a,SWB-meter,Electricity,n/a,,
80,LV07 - Rising BusBar West FL25-FL45 - Tenants,17900,Modbus,0,0,79,B4,n/a,n/a,n/a,SWB-meter,Electricity,n/a,,
81,LV07 - DB/LL/W/48/01 - 38/01 - 28/01,18000,Modbus,0,0,79,B4,n/a,n/a,n/a,SWB-meter,Electricity,n/a,,
82,LV07 - Fire Power Supplies E-W (Prim.),18100,Modbus,0,0,79,B4,n/a,n/a,n/a,SWB-meter,Electricity,n/a,,
83,LV07 - Lifts High Rise MCCB 01,18200,Modbus,0,0,79,B4,n/a,n/a,n/a,SWB-meter,Electricity,n/a,,
84,LV07 - Lifts High Rise MCCB 02,18300,Modbus,0,0,79,B4,n/a,n/a,n/a,SWB-meter,Electricity,n/a,,
85,LV07 - LTHW Boiler/Pumps,18400,Modbus,0,0,79,B4,n/a,n/a,n/a,SWB-meter,Electricity,n/a,,
86,LV07 - Gen Aux Panel 1-2-3-4 (Prim.),18500,Modbus,0,0,79,B4,n/a,n/a,n/a,SWB-meter,Electricity,n/a,,
87,LV07 - DB/LL/47/01 - DB/LL/48/01 (Prim.),18600,Modbus,0,0,79,B4,n/a,n/a,n/a,SWB-meter,Electricity,n/a,,
88,LV07 - Fire Fighting Lift 1-2 (Prim.),18700,Modbus,0,0,79,B4,n/a,n/a,n/a,SWB-meter,Electricity,n/a,,
89,LV07 - PSS 1A-2A,18800,Modbus,0,0,79,B4,n/a,n/a,n/a,SWB-meter,Electricity,n/a,,
90,LV07 - Rising BusBar FL25-FL46 - Landlords,18900,Modbus,0,0,79,B4,n/a,n/a,n/a,SWB-meter,Electricity,n/a,yes,
91,LV07 - SER UPS Bypass,19000,Modbus,0,0,79,B4,n/a,n/a,n/a,SWB-meter,Electricity,n/a,,
92,LV08 - TX08 LV INCOMER,19100,Modbus,0,0,8,B4,n/a,n/a,n/a,SWB-meter,Electricity,n/a,,
93,LV08 - Rising BusBar East FL25-FL45 - Tenants,19200,Modbus,0,0,92,B4,n/a,n/a,n/a,SWB-meter,Electricity,n/a,,
94,LV08 - Cooling Tower 6,19300,Modbus,0,0,92,B4,n/a,n/a,n/a,SWB-meter,Electricity,n/a,,
95,LV08 - Cooling Tower 5,19400,Modbus,0,0,92,B4,n/a,n/a,n/a,SWB-meter,Electricity,n/a,,
96,LV08 - Cooling Tower 4,19500,Modbus,0,0,92,B4,n/a,n/a,n/a,SWB-meter,Electricity,n/a,,
97,LV08 - Cooling Tower 3,19600,Modbus,0,0,92,B4,n/a,n/a,n/a,SWB-meter,Electricity,n/a,,
98,LV08 - Cooling Tower 2,19700,Modbus,0,0,92,B4,n/a,n/a,n/a,SWB-meter,Electricity,n/a,,
99,LV08 - Cooling Tower 1,19800,Modbus,0,0,92,B4,n/a,n/a,n/a,SWB-meter,Electricity,n/a,,
100,LV08 - Fireshaft Power Core E-W (Sec.),19900,Modbus,0,0,92,B4,n/a,n/a,n/a,SWB-meter,Electricity,n/a,,
101,LV08 - East Core Power FL28-FL50,20000,Modbus,0,0,92,B4,n/a,n/a,n/a,SWB-meter,Electricity,n/a,,
102,LV08 - Goods VT1,20100,Modbus,0,0,92,B4,n/a,n/a,n/a,SWB-meter,Electricity,n/a,,
103,LV08 - Fire Fighting Lift 1-2 (Sec.),20200,Modbus,0,0,92,B4,n/a,n/a,n/a,SWB-meter,Electricity,n/a,,
104,LV08 - DB/LL/47/01 - DB/LL/48/01 (Sec.),20300,Modbus,0,0,92,B4,n/a,n/a,n/a,SWB-meter,Electricity,n/a,,
105,LV08 - Gen Aux Panel 1-2-3-4 (Sec.),20400,Modbus,0,0,92,B4,n/a,n/a,n/a,SWB-meter,Electricity,n/a,,
106,LV08 - PSS 1B-2B,20500,Modbus,0,0,92,B4,n/a,n/a,n/a,SWB-meter,Electricity,n/a,,
107,LV08 - PV Cells (Future),20600,Modbus,0,0,92,B4,n/a,n/a,n/a,SWB-meter,Electricity,n/a,,
108,LV08 - SER UPS,20700,Modbus,0,0,92,B4,n/a,n/a,n/a,SWB-meter,Electricity,n/a,,
109,LV08 - Goods VT2,20800,Modbus,0,0,92,B4,n/a,n/a,n/a,SWB-meter,Electricity,n/a,,
110,LV08 - Lifts Mid Rise Lift MCCB 01-02,20900,Modbus,0,0,92,B4,n/a,n/a,n/a,SWB-meter,Electricity,n/a,yes,
111,LV08 - Kitchen Extract L46,21000,Modbus,0,0,92,B4,n/a,n/a,n/a,SWB-meter,Electricity,n/a,,
112,Mezz Retail Unit East,21100,Modbus,2000000,2000344,n/a,ground,n/a,n/a,n/a,Retail - HOP,Electricity,Brit Insurance,yes,
113,Mezz Retail Unit West,21200,Modbus,2000001,2000345,n/a,ground,n/a,n/a,n/a,Retail - BSC,Electricity,Black Sheep,yes,
114,Retail Unit RU4 - L3,21300,Modbus,2000002,2000346,n/a,3rd,n/a,n/a,n/a,Retail,Electricity,Mezzanine of retail units,yes,
115,DB/LL/46/01,21400,Modbus,2000066,2000411,90,46th,1,North,0,DB/LL/46/01 - L46 LL General Power,Electricity,,yes,
116,DB/LL/25/02,21500,Modbus,2000027,2000371,90,25th,1,North,0,DB/LL/25/02 - L25 LL Mech Plant,Electricity,,yes,
117,DB/LL/26/02,21600,Modbus,2000028,2000372,90,26th,1,North,0,DB/LL/26/02 - L26 LL Mech Plant,Electricity,,yes,
118,DB/LL/27/02,21700,Modbus,2000029,2000373,90,27th,1,North,0,DB/LL/27/02 - L27 LL Mech Plant,Electricity,,yes,
119,DB/LL/28/02,21800,Modbus,2000030,2000374,90,28th,1,North,0,DB/LL/28/02 - L28 LL Mech Plant,Electricity,,yes,
120,DB/LL/29/02,21900,Modbus,2000031,2000375,90,29th,1,North,0,DB/LL/29/02 - L29 LL Mech Plant,Electricity,,yes,
121,DB/LL/30/02,22000,Modbus,2000032,2000376,90,30th,1,North,0,DB/LL/30/02 - L30 LL Mech Plant,Electricity,,yes,
122,DB/LL/31/02,22100,Modbus,2000033,2000377,90,31st,1,North,0,DB/LL/31/02 - L31 LL Mech Plant,Electricity,,yes,
123,DB/LL/32/02,22200,Modbus,2000034,2000378,90,32nd,1,North,0,DB/LL/32/02 - L32 LL Mech Plant,Electricity,,yes,
124,DB/LL/33/02,22300,Modbus,2000035,2000379,90,33rd,1,North,0,DB/LL/33/02 - L33 LL Mech Plant,Electricity,,yes,
125,DB/LL/34/02,22400,Modbus,2000036,2000380,90,34th,1,North,0,DB/LL/34/02 - L34 LL Mech Plant,Electricity,,yes,
126,DB/LL/35/02,22500,Modbus,2000037,2000381,90,35th,1,North,0,DB/LL/35/02 - L35 LL Mech Plant,Electricity,,yes,
127,DB/LL/36/02,22600,Modbus,2000038,2000382,90,36th,1,North,0,DB/LL/36/02 - L36 LL Mech Plant,Electricity,,yes,
128,DB/LL/37/02,22700,Modbus,2000039,2000383,90,37th,1,North,0,DB/LL/37/02 - L37 LL Mech Plant,Electricity,,yes,
129,DB/LL/38/02,22800,Modbus,2000040,2000384,90,38th,1,North,0,DB/LL/38/02 - L38 LL Mech Plant,Electricity,,yes,
130,DB/LL/39/02,22900,Modbus,2000041,2000385,90,39th,1,North,0,DB/LL/39/02 - L39 LL Mech Plant,Electricity,,yes,
131,DB/LL/40/02,23000,Modbus,2000042,2000386,90,40th,1,North,0,DB/LL/40/02 - L40 LL Mech Plant,Electricity,,yes,
132,DB/LL/41/02,23100,Modbus,2000043,2000387,90,41st,1,North,0,DB/LL/41/02 - L41 LL Mech Plant,Electricity,,yes,
133,DB/LL/42/02,23200,Modbus,2000044,2000388,90,42nd,1,North,0,DB/LL/42/02 - L42 LL Mech Plant,Electricity,,yes,
134,DB/LL/43/02,23300,Modbus,2000045,2000389,90,43rd,1,North,0,DB/LL/43/02 - L43 LL Mech Plant,Electricity,,yes,
135,DB/LL/44/02,23400,Modbus,2000046,2000390,90,44th,1,North,0,DB/LL/44/02 - L44 LL Mech Plant,Electricity,,yes,
136,DB/LL/45/02,23500,Modbus,2000047,2000391,90,45th,1,North,0,DB/LL/45/02 - L45 LL Mech Plant,Electricity,,yes,
137,DB/LL/46/02,23600,Modbus,2000048,2000392,90,46th,1,North,1,DB/LL/46/02 - L46 LL Mech Plant,Electricity,,yes,
138,DB/LL/27/01,23700,Modbus,2000059,2000404,90,27th,1,North,1,DB/LL/27/01 - L26-L28 LL Lift Lobby Power,Electricity,,yes,
139,DB/LL/30/01,23800,Modbus,2000060,2000405,90,30th,1,North,1,DB/LL/30/01 - L29-L31 LL Lift Lobby Power,Electricity,,yes,
140,DB/LL/33/01,23900,Modbus,2000061,2000406,90,33rd,1,North,1,DB/LL/33/01 - L32-L34 LL Lift Lobby Power,Electricity,,yes,
141,DB/LL/36/01,24000,Modbus,2000062,2000407,90,36th,1,North,1,DB/LL/36/01 - L35-L37 LL Lift Lobby Power,Electricity,,yes,
142,DB/LL/39/01,24100,Modbus,2000063,2000408,90,39th,1,North,1,DB/LL/39/01 - L38-L40 LL Lift Lobby Power,Electricity,,yes,
143,DB/LL/42/01,24200,Modbus,2000064,2000409,90,42nd,1,North,1,DB/LL/42/01 - L41-L43 LL Lift Lobby Power,Electricity,,yes,
144,DB/LL/45/01,24300,Modbus,2000065,2000410,90,45th,1,North,1,DB/LL/45/01 - L44-L46 LL Lift Lobby Power,Electricity,,yes,
145,DB/LL/B2/01,24400,Modbus,2000068,2000412,22,B1,null,n/a,null,DB/LL/B2/01 - B2 North Power,Electricity,,,
146,DB/LL/B1/02,24500,Modbus,2000069,2000413,22,B1,null,n/a,null,DB/LL/B1/02 - B1 Central Power,Electricity,,,
147,DB/LL/B1/01,24600,Modbus,2000070,2000414,22,B1,null,n/a,null,DB/LL/B1/01 - B1 North Power,Electricity,,,
148,DB/LL/01/02,24700,Modbus,2000003,2000347,22,1st,1,North,0,DB/LL/01/02 - L01 LL Mech Plant,Electricity,,yes,
149,DB/LL/02/02,24800,Modbus,2000004,2000348,22,2nd,1,North,0,DB/LL/02/02 - L02 LL Mech Plant,Electricity,Landlords,yes,
150,DB/LL/03/02,24900,Modbus,2000005,2000349,22,3rd,1,North,0,DB/LL/03/02 - L03 LL Mech Plant,Electricity,Bob Bob Restaurant,yes,
151,DB/LL/04/02,25000,Modbus,2000006,2000350,22,4th,1,North,0,DB/LL/04/02 - L04 LL Mech Plant,Electricity,AON,yes,
152,DB/LL/05/02,25100,Modbus,2000007,2000351,22,5th,1,North,0,DB/LL/05/02 - L05 LL Mech Plant,Electricity,AON,yes,
153,DB/LL/06/02,25200,Modbus,2000008,2000352,22,6th,1,North,0,DB/LL/06/02 - L06 LL Mech Plant,Electricity,AON,yes,
154,DB/LL/07/02,25300,Modbus,2000009,2000353,22,7th,1,North,0,DB/LL/07/02 - L07 LL Mech Plant,Electricity,AON,yes,
155,DB/LL/08/02,25400,Modbus,2000010,2000354,22,8th,1,North,0,DB/LL/08/02 - L08 LL Mech Plant,Electricity,AON,yes,
156,DB/LL/09/02,25500,Modbus,2000011,2000355,22,9th,1,North,0,DB/LL/09/02 - L09 LL Mech Plant,Electricity,AON,yes,
157,DB/LL/10/02,25600,Modbus,2000012,2000356,22,10th,1,North,0,DB/LL/10/02 - L10 LL Mech Plant,Electricity,AON,yes,
158,DB/LL/11/02,25700,Modbus,2000013,2000357,22,11th,1,North,0,DB/LL/11/02 - L11 LL Mech Plant,Electricity,AON,yes,
159,DB/LL/12/02,25800,Modbus,2000014,2000358,22,12th,1,North,0,DB/LL/12/02 - L12 LL Mech Plant,Electricity,AON,yes,
160,DB/LL/13/02,25900,Modbus,2000015,2000359,22,13th,1,North,0,DB/LL/13/02 - L13 LL Mech Plant,Electricity,AON,yes,
161,DB/LL/14/02,26000,Modbus,2000016,2000360,22,14th,1,North,0,DB/LL/14/02 - L14 LL Mech Plant,Electricity,,yes,
162,DB/LL/15/02,26100,Modbus,2000017,2000361,22,15th,1,North,0,DB/LL/15/02 - L15 LL Mech Plant,Electricity,,yes,
163,DB/LL/16/02,26200,Modbus,2000018,2000362,22,16th,1,North,0,DB/LL/16/02 - L16 LL Mech Plant,Electricity,,yes,
164,DB/LL/17/02,26300,Modbus,2000019,2000363,22,17th,1,North,0,DB/LL/17/02 - L17 LL Mech Plant,Electricity,,yes,
165,DB/LL/18/02,26400,Modbus,2000020,2000364,22,18th,1,North,0,DB/LL/18/02 - L18 LL Mech Plant,Electricity,,yes,
166,DB/LL/19/02,26500,Modbus,2000021,2000365,22,19th,1,North,0,DB/LL/19/02 - L19 LL Mech Plant,Electricity,,yes,
167,DB/LL/20/02,26600,Modbus,2000022,2000366,22,20th,1,North,0,DB/LL/20/02 - L20 LL Mech Plant,Electricity,,yes,
168,DB/LL/21/02,26700,Modbus,2000023,2000367,22,21st,1,North,0,DB/LL/21/02 - L21 LL Mech Plant,Electricity,,yes,
169,DB/LL/22/02,26800,Modbus,2000024,2000368,22,22nd,1,North,1,DB/LL/22/02 - L22 LL Mech Plant,Electricity,,yes,
170,DB/LL/23/02,26900,Modbus,2000025,2000369,22,23rd,1,North,0,DB/LL/23/02 - L23 LL Mech Plant,Electricity,,yes,
171,DB/LL/24/02,27000,Modbus,2000026,2000370,22,24th,1,North,0,DB/LL/24/02 - L24 LL Mech Plant,Electricity,,yes,
172,DB/GRND/01,27100,Modbus,2000067,2000394,22,ground,1,North,0,DB/GRND/01 - LL L/SP DB GRD-01,Electricity,,yes,
173,DB/LL/01/01 Redundent,27200,Modbus,2000050,2000393,22,1st,1,North,1,DB/LL/01/01 Redundent - LL L/SP DB/LL/01/01 L01 Reception,Electricity,AON,,
174,DB/LL/02/01,27300,Modbus,0,0,22,2nd,1,North,1,DB/LL/02/01 - LL L/SP DB/LL/02/01 L02 Reception,Electricity,Landlords,yes,
175,DB/LL/03/01,27400,Modbus,2000052,2000396,22,3rd,1,North,1,DB/LL/03/01 - L02-L04 LL Lift Lobby Power,Electricity,Bob Bob Restaurant,yes,
176,DB/LL/06/01,27500,Modbus,2000053,2000397,22,6th,1,North,1,DB/LL/06/01 - L05-L07 LL Lift Lobby Power,Electricity,,,
177,DB/LL/09/01,27600,Modbus,2000054,2000398,22,9th,1,North,1,DB/LL/09/01 - L08-L10 LL Lift Lobby Power,Electricity,,,
178,DB/LL/12/01,27700,Modbus,2000051,2000399,22,12th,1,North,1,DB/LL/12/01 - L11-L13 LL Lift Lobby Power,Electricity,,,
179,DB/LL/15/01,27800,Modbus,2000055,2000400,22,15th,1,North,1,DB/LL/15/01 - L14-L16 LL Lift Lobby Power,Electricity,,,
180,DB/LL/18/01,27900,Modbus,2000056,2000401,22,18th,1,North,1,DB/LL/18/01 - L17-L19 LL Lift Lobby Power,Electricity,,,
181,DB/LL/21/01,28000,Modbus,2000057,2000402,22,21st,1,North,1,DB/LL/21/01 - L20-L22 LL Lift Lobby Power,Electricity,,,
182,DB/LL/24/01,28100,Modbus,2000058,2000403,22,24th,1,North,1,DB/LL/24/01 - L23-L25 LL Lift Lobby Power,Electricity,,,
183,DB/LL/B4/01,28200,Modbus,2000073,2000417,22,B4,null,n/a,null,DB/LL/B4/01 - B4 Domestic Plant room,Electricity,,,
184,DB/LL/B3/01,28300,Modbus,2000072,2000416,22,B3,null,n/a,null,DB/LL/B3/01 - B3 North East Riser,Electricity,,,
185,DB/LL/B1/04,28400,Modbus,2000071,2000415,22,B2,null,n/a,null,DB/LL/B1/04 - B1 AHU Plant Room,Electricity,,,
186,DB/TOC/W/04,28500,Modbus,2000161,2000505,41,4th,2,West,0,DB/TOC/W/04 - L04 Tenant West Floor Power,Electricity,AON,yes,
187,DB/LL/01/01,28600,Modbus,0,0,41,1st,2,North,5,DB/LL/01/01 - L01 Tenant AV Room,Electricity,AON,yes,
188,DB/TOC/W/05,28700,Modbus,2000162,2000506,41,5th,2,West,0,DB/TOC/W/05 - L05 Tenant West Floor Power,Electricity,AON,yes,
189,DB/TOC/W/06,28800,Modbus,2000164,2000508,41,6th,2,West,0,DB/TOC/W/06 - L06 Tenant West Floor Power,Electricity,AON,yes,
190,DB/KP/4-4R,28900,Modbus,2000163,2000507,41,4th,2,West,2,DB/KP/4-4R - L04 Tenanat Kitchen Power,Electricity,AON,yes,
191,DB/TOC/W/07,29000,Modbus,2000165,2000509,41,7th,2,West,0,DB/TOC/W/07 - L07 Tenant West Floor Power,Electricity,AON,yes,
192,DB/TOC/W/08,29100,Modbus,2000166,2000510,41,8th,2,West,0,DB/TOC/W/08 - L08 Tenant West Floor Power,Electricity,AON,yes,
193,DB/TOC/W/09,29200,Modbus,2000167,2000511,41,9th,2,West,0,DB/TOC/W/09 - L09 Tenant West Floor Power,Electricity,AON,yes,
194,DB/TOC/W/10,29300,Modbus,2000168,2000512,41,10th,2,West,0,DB/TOC/W/10 - L10 Tenant West Floor Power,Electricity,AON,yes,
195,DB/TOC/W/11,29400,Modbus,2000169,2000513,41,11th,2,West,0,DB/TOC/W/11 - L11 Tenant West Floor Power,Electricity,AON,yes,
196,DB/TOC/W/12,29500,Modbus,2000170,2000514,41,12th,2,West,0,DB/TOC/W/12 - L12 Tenant West Floor Power,Electricity,AON,yes,
197,DB/TOC/W/13,29600,Modbus,2000171,2000515,41,13th,2,West,0,DB/TOC/W/13 - L13 Tenant West Floor Power,Electricity,AON,yes,
198,DB/W/14/LGT,29700,Modbus,2000172,2000516,41,14th,2,West,0,DB/W/14/LGT - L14 Tenant West Floor Power,Electricity,RSH&P,yes,
199,DB/W/14/SP,29800,Modbus,2000174,2000518,41,14th,2,West,1,DB/W/14/SP - L14 Tenant West Floor Power,Electricity,RSH&P,yes,
200,DB/TOC/W/15/01,29900,Modbus,2000175,2000519,41,15th,2,West,0,DB/TOC/W/15/01 - L15 Tenant West Floor Power,Electricity,Virgin Money,yes,
201,DB/TOC/W/15/02,30000,Modbus,2000176,2000520,41,15th,2,West,1,DB/TOC/W/15/02 - L15 Tenant West Floor Power,Electricity,Virgin Money,yes,
202,DB/TOC/W/16/01,30100,Modbus,2000177,2000521,41,16th,2,West,0,DB/TOC/W/16/01 - L16 Tenant West Floor Power,Electricity,KI Group Services,yes,
203,DB/TOC/W/16/02,30200,Modbus,2000178,2000522,41,16th,2,West,1,DB/TOC/W/16/02 - L16 Tenant West Floor Power,Electricity,KI Group Services,yes,
204,DB/W/14/MER,30300,Modbus,2000173,2000517,41,14th,2,West,2,DB/W/14/MER - L14 Tenant West MER Power,Electricity,RSH&P,yes,
205,TDB/TOC/W/17/01,30400,Modbus,2000179,2000523,41,17th,2,West,0,T/West FL17 - LTG/FCU - TDB/TOC/W/17/01,Electricity,Brit Insurance,yes,
206,TDB/TOC/W/17/02,30500,Modbus,2000180,2000524,41,17th,2,West,1,T/West FL17 - SP - TDB/TOC/W/17/02,Electricity,Brit Insurance,yes,
207,TDB/TOC/W/18/01,30600,Modbus,2000181,2000525,41,18th,2,West,0,T/West FL18 - LTG/FCU - TDB/TOC/W/18/01,Electricity,Brit Insurance,yes,
208,TDB/TOC/W/18/02,30700,Modbus,2000182,2000526,41,18th,2,West,1,T/West FL18 - SP - TDB/TOC/W/18/02,Electricity,Brit Insurance,yes,
209,DB/TOC/W/19L,30800,Modbus,2000183,2000527,42,19th,2,West,0,T/West FL19 - LTG/FCU - DB/TOC/W/19L,Electricity,UIB,yes,
210,DB/TOC/W/19P,30900,Modbus,2000184,2000528,42,19th,2,West,1,T/West FL19 - SP - DB/TOC/W/19P,Electricity,UIB,yes,
211,DB/TOC/W/20L,31000,Modbus,2000186,2000530,42,20th,2,West,0,T/West FL20 - LTG/FCU - DB/TOC/W/20L,Electricity,MS Amlin,yes,
212,DB/TOC/W/20P,31100,Modbus,2000187,2000531,42,20th,2,West,1,T/West FL20 - SP - DB/TOC/W/20P,Electricity,MS Amlin,yes,
213,DB/TEN/W/C1,31200,Modbus,2000188,2000532,42,21st,2,West,2,T/West FL21 - DB/TEN/W/C1 - DB/TEN/W/C1,Electricity,MS Amlin,yes,
214,DB/TOC/W/21L,31300,Modbus,2000189,2000533,42,21st,2,West,0,T/West FL21 - LTG/FCU - DB/TOC/W/21L,Electricity,MS Amlin,yes,
215,DB/TOC/W/21P,31400,Modbus,2000190,2000534,42,21st,2,West,1,T/West FL21 - SP - DB/TOC/W/21P,Electricity,MS Amlin,yes,
216,DB/TOC/W/22L,31500,Modbus,2000191,2000535,42,22nd,2,West,0,T/West FL22 - LTG/FCU - DB/TOC/W/22L,Electricity,MS Amlin,yes,
217,DB/TOC/W/22P,31600,Modbus,2000192,2000536,42,22nd,2,West,1,T/West FL22 - SP - DB/TOC/W/22P,Electricity,MS Amlin,yes,
218,DB/TOC/W/23L,31700,Modbus,2000193,2000537,42,23rd,2,West,0,T/West FL23 - LTG/FCU - DB/TOC/W/23L,Electricity,MS Amlin,yes,
219,DB/TOC/W/23P,31800,Modbus,2000194,2000538,42,23rd,2,West,1,T/West FL23 - SP - DB/TOC/W/23P,Electricity,MS Amlin,yes,
220,Input/ Output Panel A,31900,Modbus,2000185,2000529,42,20th,2,West,2,T/West FL20 - Input/Output Panel A - I/O Panel A,Electricity,MS Amlin,yes,
221,T/West FL25 - Coms Room (Prim.),32000,Modbus,2000198,2000542,42,25th,2,West,2,T/West FL25 - Coms Room (Prim.) - ,Electricity,DRW,yes,
222,T/West FL30 - COMMS,32100,Modbus,2000211,2000555,80,30th,2,West,2,T/West FL30 - COMMS - ,Electricity,Serve corp,yes,
223,T/West FL24 - LTG/FCU,32200,Modbus,2000195,2000539,42,24th,2,West,0,T/West FL24 - LTG/FCU - DB/TOC/W/24L,Electricity,MS Amlin,yes,
224,T/West FL24 - SP,32300,Modbus,2000197,2000541,42,24th,2,West,1,T/West FL24 - SP - DB/TOC/W/24P,Electricity,MS Amlin,yes,
225,T/West FL25 - LTG/FCU,32400,Modbus,2000199,2000543,80,25th,2,West,0,T/West FL25 - LTG/FCU - DB/TOC/W/25/01,Electricity,DRW,yes,
226,T/West FL25 - SP,32500,Modbus,2000200,2000544,80,25th,2,West,1,T/West FL25 - SP - DB/TOC/W/25/02,Electricity,DRW,yes,
227,T/West FL26 - LTG/FCU,32600,Modbus,2000201,2000545,80,26th,2,West,0,T/West FL26 - LTG/FCU - TOC/W/26/01,Electricity,Aegon / Draft Kings,yes,
228,T/West FL26 - SP,32700,Modbus,2000202,2000546,80,26th,2,West,1,T/West FL26 - SP - TOC/W/26/02,Electricity,Aegon / Draft Kings,yes,
229,T/West FL27 - LTG/FCU,32800,Modbus,2000204,2000548,80,27th,2,West,0,T/West FL27 - LTG/FCU - DB/TOC/W/L/27,Electricity,OMERS,yes,
230,T/West FL27 - SP,32900,Modbus,2000205,2000549,80,27th,2,West,1,T/West FL27 - SP - DB/TOC/W/P/27,Electricity,OMERS,yes,
231,T/West FL28 - LTG/FCU,33000,Modbus,2000206,2000550,80,28th,2,West,0,T/West FL28 - LTG/FCU - DB/TOC/W/L/28,Electricity,OMERS,yes,
232,T/West FL28 - SP,33100,Modbus,2000207,2000551,80,28th,2,West,1,T/West FL28 - SP - DB/TOC/W/P/28,Electricity,OMERS,yes,
233,T/West FL29 - LTG/FCU,33200,Modbus,2000209,2000553,80,29th,2,West,0,T/West FL29 - LTG/FCU - DB/TOC/W/L/29,Electricity,OMERS,yes,
234,T/West FL29 - SP,33300,Modbus,2000210,2000554,80,29th,2,West,1,T/West FL29 - SP - DB/TOC/W/P/29,Electricity,OMERS,yes,
235,T/West FL30 - LTG/FCU,33400,Modbus,2000212,2000556,80,30th,2,West,0,T/West FL30 - LTG/FCU - DB/TOC/W/L/30,Electricity,Serve corp,yes,
236,T/West FL30 - SP,33500,Modbus,2000213,2000557,80,30th,2,West,1,T/West FL30 - SP - DB/TOC/W/P/30,Electricity,Serve corp,yes,
237,T/West FL24 - Smoke Extract,33600,Modbus,2000196,2000540,42,24th,2,West,2,T/West FL24 - Smoke Extract - ,Electricity,MS Amlin,yes,
238,T/West FL29 - Comms Room,33700,Modbus,2000208,2000552,80,29th,2,West,2,T/West FL29 - Comms Room - DB/MER/PDU/A,Electricity,OMERS,yes,
239,T/West FL27 - LTG,33800,Modbus,2000203,2000547,80,27th,2,West,2,T/West FL27 - LTG - DB/TOC/W/27-LTG,Electricity,OMERS,yes,
240,T/West FL31 - LTG/FCU,33900,Modbus,2000214,2000558,80,31st,2,West,0,T/West FL31 - LTG/FCU - DB/L31/W/02,Electricity,Quadrature,yes,
241,T/West FL31 - SP,34000,Modbus,2000215,2000559,80,31st,2,West,1,T/West FL31 - SP - DB/L31/W/01,Electricity,Quadrature,yes,
242,T/West FL32 - LTG/FCU,34100,Modbus,2000217,2000561,80,32nd,2,West,0,T/West FL32 - LTG/FCU,Electricity,Quadrature,yes,
243,T/West FL32 - SP,34200,Modbus,2000218,2000562,80,32nd,2,West,1,T/West FL32 - SP,Electricity,Quadrature,yes,
244,T/West FL33 - DB33-1-PWR,34300,Modbus,2000221,2000565,80,33rd,2,West,2,T/West FL33 - DB33-1-PWR,Electricity,Quadrature,yes,
245,T/West FL33 - DB33-1-LTG,34400,Modbus,2000219,2000563,80,33rd,2,West,0,T/West FL33 - DB33-1-LTG,Electricity,Quadrature,yes,
246,T/West FL33 - SP,34500,Modbus,2000223,2000567,80,33rd,2,West,1,T/West FL33 - SP,Electricity,Quadrature,yes,
247,T/West FL34 - LTG/FCU,34600,Modbus,2000225,2000569,80,34th,2,West,0,T/West FL34 - LTG/FCU,Electricity,Quadrature,yes,
248,T/West FL34 - SP,34700,Modbus,2000226,2000570,80,34th,2,West,1,T/West FL34 - SP,Electricity,Quadrature,yes,
249,T/West FL35 - LTG/FCU,34800,Modbus,2000227,2000571,80,35th,2,West,0,T/West FL35 - LTG/FCU - DB/W/L/LV35,Electricity,DRW,yes,
250,T/West FL35 - SP,34900,Modbus,2000228,2000572,80,35th,2,West,1,T/West FL35 - SP - DB/W/P/LV35,Electricity,DRW,yes,
251,T/West FL36 - SP/LTG,35000,Modbus,2000230,2000574,80,36th,2,West,0,T/West FL36 - SP/LTG - L36-TO-EDB-LP2,Electricity,DRW,yes,
252,T/WEST FL36 - Comms B,35100,Modbus,2000229,2000573,80,36th,2,West,1,T/WEST FL36 - Comms B - L36-TO-WIOB-B,Electricity,DRW,yes,
253,T/West FL37 - West Total,35200,Modbus,2000233,2000577,80,37th,2,West,1,T/West FL37 - West Total - L37 FCU/AHU Luminaire,Electricity,DRW,yes,
254,T/West FL38 - West Total,35300,Modbus,2000237,2000581,80,38th,2,West,1,T/West FL38 - West Total - L38 FCU/7HU Luminaire,Electricity,DRW,yes,
255,FL35 UPS A  Meter 1,35400,Modbus,0,0,80,35th,2,West,2,FL35 UPS A  Meter 1 - DB/PDU/35/A,Electricity,DRW,yes,
256,FL35 UPS A  Meter 2,35500,Modbus,0,0,80,35th,2,West,3,FL35 UPS A  Meter 2 - DB/PDU/35/A,Electricity,DRW,yes,
257,T/West FL34 - Comms Room,35600,Modbus,2000224,2000568,80,34th,2,West,2,T/West FL34 - Comms Room,Electricity,Quadrature,yes,
258,T/West FL33 - DB33-1-MECH,35700,Modbus,2000220,2000564,80,33rd,2,West,3,T/West FL33 - DB33-1-MECH,Electricity,Quadrature,yes,
259,T/West FL33 - DB33-1-UPS,35800,Modbus,2000222,2000566,80,33rd,2,West,4,T/West FL33 - DB33-1-UPS,Electricity,Quadrature,yes,
260,T/West FL37 - FCU,35900,Modbus,2000231,2000575,80,37th,2,West,2,T/West FL37 - FCU,Electricity,DRW,yes,
261,T/West FL37 - LTG,36000,Modbus,2000232,2000576,80,37th,2,West,0,T/West FL37 - LTG,Electricity,DRW,yes,
262,T/West FL38 - FCU,36100,Modbus,2000234,2000578,80,38th,2,West,2,T/West FL38 - FCU,Electricity,DRW,yes,
263,T/West FL38 - SP/LTG,36200,Modbus,2000236,2000580,80,38th,2,West,0,T/West FL38 - SP/LTG,Electricity,DRW,yes,
264,T/West FL38 - Kitchen,36300,Modbus,2000235,2000579,80,38th,2,West,3,T/West FL38 - Kitchen,Electricity,DRW,yes,
265,T/West FL32 - Comms Room (Sec.),36400,Modbus,2000216,2000560,80,32nd,2,West,2,T/West FL32 - Comms Room (Sec.),Electricity,Quadrature,yes,
266,T/West FL41 - Comms Room,36500,Modbus,2000242,2000586,80,41st,2,West,2,T/West FL41 - Comms Room,Electricity,FM Global,,
267,T/West FL39 - LTG/FCU,36600,Modbus,2000238,2000582,80,39th,2,West,0,T/West FL39 - LTG/FCU - DB/TOC/W/39/01,Electricity,Brit Insurance,,
268,T/West FL39 - SP,36700,Modbus,2000239,2000583,80,39th,2,West,1,T/West FL39 - SP - DB/TOC/W/39/02,Electricity,Brit Insurance,,
269,T/West FL40 - LTG/FCU,36800,Modbus,2000240,2000584,80,40th,2,West,0,T/West FL40 - LTG/FCU - TDB/TOC/W/40/02,Electricity,FM Global,yes,
270,T/West FL40 - SP,36900,Modbus,2000241,2000585,80,40th,2,West,1,T/West FL40 - SP - TDB/TOC/W/40/01,Electricity,FM Global,yes,
271,T/West FL41 - LTG/FCU,37000,Modbus,2000243,2000587,80,41st,2,West,0,T/West FL41 - LTG/FCU,Electricity,FM Global,yes,
272,T/West FL41 - SP,37100,Modbus,2000244,2000588,80,41st,2,West,1,T/West FL41 - SP,Electricity,FM Global,yes,
273,T/West FL42 - DB2,37200,Modbus,2000245,2000589,80,42nd,2,West,0,T/West FL42 - DB2,Electricity,Xcite,yes,
274,T/West FL43 - LTG/FCU,37300,Modbus,2000246,2000590,80,43rd,2,West,0,T/West FL43 - LTG/FCU,Electricity,Petredec,yes,
275,T/West FL43 - SP,37400,Modbus,2000247,2000591,80,43rd,2,West,1,T/West FL43 - SP,Electricity,Petredec,yes,
276,T/West FL44 - SP,37500,Modbus,2000248,2000592,80,44th,2,West,1,T/West FL44 - SP,Electricity,Affinity Shipping,yes,
277,T/West FL45 - LTG,37600,Modbus,2000249,2000593,80,45th,2,West,0,T/West FL45 - LTG - DB/TOC/W/45L,Electricity,D-Tek,yes,
278,T/West FL45 - SP,37700,Modbus,2000251,2000595,80,45th,2,West,1,T/West FL45 - SP - DB/TOC/W/45P,Electricity,D-Tek,yes,
279,FL40 - Kitchen,37800,Modbus,0,0,80,40th,2,West,2,FL40 - Kitchen,Electricity,FM Global,yes,
280,T/West FL45 - MCC,37900,Modbus,2000250,2000594,80,45th,2,West,2,T/West FL45 - MCC,Electricity,D-Tek,yes,
281,DB/TOC/E/04,38000,Modbus,2000076,2000420,43,4th,0,East,0,DB/TOC/E/04 - L04 Tenant East Floor Power,Electricity,AON,yes,
282,DB/TOC/E/05,38100,Modbus,2000077,2000421,43,5th,0,East,0,DB/TOC/E/05 - L05 Tenant East Floor Power,Electricity,AON,yes,
283,DB/TOC/E/06,38200,Modbus,2000079,2000423,43,6th,0,East,0,DB/TOC/E/06 - L06 Tenant East Floor Power,Electricity,AON,yes,
284,DB/KP/5-5R,38300,Modbus,2000078,2000422,43,6th,0,East,1,DB/KP/5-5R - L05 Tenant Kitchen Power,Electricity,AON,yes,
285,DB/TOC/E/07,38400,Modbus,2000080,2000424,43,7th,0,East,0,DB/TOC/E/07 - L07 Tenant East Floor Power,Electricity,AON,yes,
286,DB/TOC/E/08,38500,Modbus,2000081,2000425,43,8th,0,East,0,DB/TOC/E/08 - L08 Tenant East Floor Power,Electricity,AON,yes,
287,DB/TOC/E/09,38600,Modbus,2000082,2000426,43,9th,0,East,0,DB/TOC/E/09 - L09 Tenant East Floor Power,Electricity,AON,yes,
288,DB/TOC/E/10,38700,Modbus,2000083,2000427,43,10th,0,East,0,DB/TOC/E/10 - L10 Tenant East Floor Power,Electricity,AON,yes,
289,DB/KP/10-10R,38800,Modbus,2000084,2000428,43,10th,0,East,1,DB/KP/10-10R - L10 Tenant Kitchen Power,Electricity,AON,yes,
290,DB/LP2,38900,Modbus,2000074,2000418,43,3rd,0,East,1,DB/LP2 - L03 Restaurant Power,Electricity,Bob Bob Restaurant,yes,
291,DB/LP3,39000,Modbus,2000075,2000419,43,3rd,0,East,2,DB/LP3 - L03 Restaurant Power,Electricity,Bob Bob Restaurant,yes,
292,DB/TOC/E/11,39100,Modbus,2000085,2000429,43,11th,0,East,0,DB/TOC/E/11 - L11 Tenant East Floor Power,Electricity,AON,yes,
293,DB/TOC/E/12,39200,Modbus,2000086,2000430,43,12th,0,East,0,DB/TOC/E/12 - L12 Tenant East Floor Power,Electricity,AON,yes,
294,DB/TOC/E/13,39300,Modbus,2000087,2000431,43,13th,0,East,0,DB/TOC/E/13 - L13 Tenant East Floor Power,Electricity,AON,yes,
295,DB/E/14/LGT,39400,Modbus,2000088,2000432,43,14th,0,East,0,DB/E/14/LGT - L14 Tenant East Floor Power,Electricity,RSH&P,yes,
296,DB/E/14/SP,39500,Modbus,2000090,2000434,43,14th,0,East,1,DB/E/14/SP - L14 Tenant East Floor Power,Electricity,RSH&P,yes,
297,DB/TOC/E/15/01,39600,Modbus,2000091,2000435,43,15th,0,East,0,DB/TOC/E/15/01 - L15 Tenant East Floor Power,Electricity,Virgin Money,yes,
298,DB/TOC/E/15/02,39700,Modbus,2000092,2000436,43,15th,0,East,1,DB/TOC/E/15/02 - L15 Tenant East Floor Power,Electricity,Virgin Money,yes,
299,DB/TOC/E/16/01,39800,Modbus,2000094,2000438,43,16th,0,East,0,DB/TOC/E/16/01 - L16 Tenant East Floor Power,Electricity,KI Group Services,yes,
300,DB/TOC/E/16/02,39900,Modbus,2000095,2000439,43,16th,0,East,1,DB/TOC/E/16/02 - L16 Tenant East Floor Power,Electricity,KI Group Services,yes,
301,DB/COMMS/16/A,40000,Modbus,2000093,2000437,43,16th,0,East,2,DB/COMMS/16/A - L16 Tenant East COMMS Rm Power,Electricity,KI Group Services,yes,
302,DB/E/14/MER,40100,Modbus,2000089,2000433,43,14th,0,East,2,DB/E/14/MER - L14 Tenant East MER Power,Electricity,RSH&P,yes,
303,TDB/TOC/E/17/01,40200,Modbus,2000097,2000441,43,17th,0,East,0,T/East FL17 - LTG/FCU - TDB/TOC/E/17/01,Electricity,Brit Insurance,yes,
304,TDB/TOC/E/17/02,40300,Modbus,2000098,2000442,43,17th,0,East,1,T/East FL17 - SP - TDB/TOC/E/17/02,Electricity,Brit Insurance,yes,
305,TDB/TOC/E/18/01,40400,Modbus,2000100,2000444,43,18th,0,East,0,T/East FL18 - LTG/FCU - TDB/TOC/E/18/01,Electricity,Brit Insurance,yes,
306,TDB/TOC/E/18/02,40500,Modbus,2000101,2000445,43,18th,0,East,1,T/East FL18 - SP - TDB/TOC/E/18/02,Electricity,Brit Insurance,yes,
307,DB/TOC/E/19L,40600,Modbus,2000102,2000446,44,19th,0,East,0,T/East FL19 - LTG/FCU - DB/TOC/E/19L,Electricity,UIB,yes,
308,DB/TOC/E/19P,40700,Modbus,2000103,2000447,44,19th,0,East,1,T/East FL19 - SP - DB/TOC/E/19P,Electricity,UIB,yes,
309,DB/TOC/E/20L,40800,Modbus,2000105,2000449,44,20th,0,East,0,T/East FL20 - LTG/FCU - DB/TOC/E/20L,Electricity,MS Amlin,yes,
310,DB/TOC/E/20P,40900,Modbus,2000106,2000450,44,20th,0,East,1,T/East FL20 - SP - DB/TOC/E/20P,Electricity,MS Amlin,yes,
311,DB/TOC/E/21L,41000,Modbus,2000108,2000452,44,21st,0,East,0,T/East FL21 - LTG/FCU - DB/TOC/E/21L,Electricity,MS Amlin,yes,
312,DB/TOC/E/21P,41100,Modbus,2000109,2000453,44,21st,0,East,1,T/East FL21 - SP - DB/TOC/E/21P,Electricity,MS Amlin,yes,
313,DB/TOC/E/22L,41200,Modbus,2000110,2000454,44,22nd,0,East,0,T/East FL22 - LTG/FCU - DB/TOC/E/22L,Electricity,MS Amlin,yes,
314,DB/TOC/E/22P,41300,Modbus,2000111,2000455,44,22nd,0,East,1,T/East FL22 - SP - DB/TOC/E/22P,Electricity,MS Amlin,yes,
315,DB/TOC/E/23L,41400,Modbus,2000112,2000456,44,23rd,0,East,0,T/East FL23 - LTG/FCU - DB/TOC/E/23L,Electricity,MS Amlin,yes,
316,DB/TOC/E/23P,41500,Modbus,2000113,2000457,44,23rd,0,East,1,T/East FL23 - SP - DB/TOC/E/23P,Electricity,MS Amlin,yes,
317,Input/ Output Panel B,41600,Modbus,2000104,2000448,44,20th,0,East,2,T/East FL20 - Input/Output Panel B - I/O Panel A,Electricity,MS Amlin,yes,
318,TDB/COMMS/17/A,41700,Modbus,2000096,2000440,44,17th,0,East,2,T/East FL17 - Comms Room - TDB/COMMS/17/A,Electricity,Brit Insurance,yes,
319,TDB/COMMS/18/A,41800,Modbus,2000099,2000443,44,18th,0,East,2,T/East FL18 - Comms Room - TDB/COMMS/18/A,Electricity,Brit Insurance,yes,
320,DB/TEN/E/C2,41900,Modbus,2000107,2000451,44,21st,0,East,2,T/East FL21 - DB/TEN/E/C2 - DB/TEN/E/C2,Electricity,MS Amlin,yes,
321,T/East FL25 - Coms Room (Sec.),42000,Modbus,2000118,2000462,93,25th,0,East,2,T/East FL25 - Coms Room (Sec.) - ,Electricity,DRW,yes,
322,T/East FL24 - LTG/FCU,42100,Modbus,2000115,2000459,44,24th,0,East,0,T/East FL24 - LTG/FCU - DB/TOC/E/24L,Electricity,MS Amlin,yes,
323,T/East FL24 - SP,42200,Modbus,2000117,2000461,44,24th,0,East,1,T/East FL24 - SP - DB/TOC/E/24P,Electricity,MS Amlin,yes,
324,T/East FL25 - LTG/FCU,42300,Modbus,2000119,2000463,93,25th,0,East,0,T/East FL25 - LTG/FCU - DB/TOC/E/25/01,Electricity,DRW,yes,
325,T/East FL25 - SP,42400,Modbus,2000120,2000464,93,25th,0,East,1,T/East FL25 - SP - DB/TOC/E/25/02,Electricity,DRW,yes,
326,T/East FL26 - LTG/FCU,42500,Modbus,2000121,2000465,93,26th,0,East,0,T/East FL26 - LTG/FCU - DB/TOC/E/26/01,Electricity,Aegon / Draft Kings,yes,
327,T/East FL26 - SP,42600,Modbus,2000122,2000466,93,26th,0,East,1,T/East FL26 - SP - DB/TOC/E/26/02,Electricity,Aegon / Draft Kings,yes,
328,T/East FL27 - LTG/FCU,42700,Modbus,2000124,2000468,93,27th,0,East,0,T/East FL27 - LTG/FCU - DB/TOC/E/27L,Electricity,OMERS,yes,
329,T/East FL27 - SP,42800,Modbus,2000125,2000469,93,27th,0,East,1,T/East FL27 - SP - DB/TOC/E/27P,Electricity,OMERS,yes,
330,T/East FL28 - LTG/FCU,42900,Modbus,2000126,2000470,93,28th,0,East,0,T/East FL28 - LTG/FCU - DB/TOC/E/L/28,Electricity,OMERS,yes,
331,T/East FL28 - SP,43000,Modbus,2000127,2000471,93,28th,0,East,1,T/East FL28 - SP - DB/TOC/E/P/28,Electricity,OMERS,yes,
332,T/East FL29 - LTG/FCU,43100,Modbus,2000128,2000472,93,29th,0,East,0,T/East FL29 - LTG/FCU - DB/TOC/E/L/29,Electricity,OMERS,yes,
333,T/East FL29 - SP,43200,Modbus,2000129,2000473,93,29th,0,East,1,T/East FL29 - SP - DB/TOC/E/P/29,Electricity,OMERS,yes,
334,T/East FL30 - LTG/FCU,43300,Modbus,2000131,2000475,93,30th,0,East,0,T/East FL30 - LTG/FCU - DB/TL/30/E,Electricity,Serve corp,yes,
335,T/East FL30 - SP,43400,Modbus,2000132,2000476,93,30th,0,East,1,T/East FL30 - SP - DB/TP/30/E,Electricity,Serve corp,yes,
336,T/East FL24 - Smoke Extract,43500,Modbus,2000116,2000460,44,24th,0,East,2,T/East FL24 - Smoke Extract - Smoke Extract,Electricity,MS Amlin,yes,
337,T/East FL24 - DB/TOC/E/24PP,43600,Modbus,2000114,2000458,44,24th,0,East,3,T/East FL24 - DB/TOC/E/24PP - DB/TOC/E/24PP,Electricity,MS Amlin,yes,
338,T/East FL29 -Comms Room,43700,Modbus,2000130,2000474,93,29th,0,East,2,T/East FL29 -Comms Room - DB/KICHEN/L28,Electricity,OMERS,yes,
339,T/East FL27 - LTG,43800,Modbus,2000123,2000467,93,27th,0,East,2,T/East FL27 - LTG - DB/TOC/E/27-LTG,Electricity,OMERS,yes,
340,T/East FL31 - LTG/FCU,43900,Modbus,2000133,2000477,93,31st,0,East,0,T/East FL31 - LTG/FCU - DB/L31/W/UPS,Electricity,Quadrature,yes,
341,T/East FL31 - SP,44000,Modbus,2000134,2000478,93,31st,0,East,1,T/East FL31 - SP - DB/L31/MCCB,Electricity,Quadrature,yes,
342,T/East FL32 - LTG/FCU,44100,Modbus,2000136,2000480,93,32nd,0,East,0,T/East FL32 - LTG/FCU - DB/TOC/W/01L,Electricity,Quadrature,yes,
343,T/East FL32 - SP,44200,Modbus,2000137,2000481,93,32nd,0,East,1,T/East FL32 - SP - DB/TOC/W/32/02,Electricity,Quadrature,,
344,T/East FL33 - SP,44300,Modbus,2000138,2000482,93,33rd,0,East,1,T/East FL33 - SP - DB/34/EL,Electricity,Quadrature,,
345,T/East FL34 - LTG/FCU,44400,Modbus,2000140,2000484,93,34th,0,East,0,T/East FL34 - LTG/FCU - DB/34/EP,Electricity,Quadrature,,
346,T/East FL34 - SP,44500,Modbus,2000141,2000485,93,34th,0,East,1,T/East FL34 - SP - DB/E/L/LV35,Electricity,Quadrature,,
347,T/East FL35 - LTG/FCU,44600,Modbus,2000142,2000486,93,35th,0,East,0,T/East FL35 - LTG/FCU - DB/E/P/LV35,Electricity,DRW,,
348,T/East FL35 - SP,44700,Modbus,2000143,2000487,93,35th,0,East,1,T/East FL35 - SP - L36-TO-WDB-LP1,Electricity,DRW,,
349,T/East FL36 - SP + LTG,44800,Modbus,2000145,2000489,93,36th,0,East,0,T/East FL36 - SP + LTG - DB/W/UPS/LV36,Electricity,DRW,,
350,T/East FL36 - Comms A,44900,Modbus,2000144,2000488,93,36th,0,East,1,T/East FL36 - Comms A,Electricity,DRW,yes,
351,T/East FL37 - SP,45000,Modbus,2000146,2000490,93,37th,0,East,1,T/East FL37 - SP,Electricity,DRW,yes,
352,T/East FL38 - SP,45100,Modbus,2000147,2000491,93,38th,0,East,1,T/East FL38 - SP,Electricity,DRW,yes,
353,T/East FL34 - Comms Room,45200,Modbus,2000139,2000483,93,34th,0,East,2,T/East FL34 - Comms Room - DB/34/EIT,Electricity,Quadrature,yes,
354,T/East FL32 - Comms Room (Prim.),45300,Modbus,2000135,2000479,93,32nd,0,East,2,T/East FL32 - Comms Room (Prim.) - ATS Secondary,Electricity,Quadrature,yes,
355,FL33 DB/L33/K,45400,Modbus,0,0,93,33rd,0,East,0,FL33 DB/L33/K - ATS Primary,Electricity,Quadrature,yes,
356,FL35 UPS B Meter 1,45500,Modbus,0,0,93,35th,0,East,2,FL35 UPS B Meter 1 - DB/PDU/35/B,Electricity,DRW,yes,
357,FL35 UPS B Meter 2,45600,Modbus,0,0,93,35th,0,East,3,FL35 UPS B Meter 2 - DB/PDU/35/B,Electricity,DRW,yes,
358,T/East FL39 - LTG/FCU,45700,Modbus,2000149,2000493,93,39th,0,East,0,T/East FL39 - LTG/FCU - DB/TOC/E/39/02,Electricity,Brit Insurance,yes,
359,T/East FL39 - SP,45800,Modbus,2000150,2000494,93,39th,0,East,1,T/East FL39 - SP - DB/TOC/E/39/01,Electricity,Brit Insurance,yes,
360,T/East FL40 - LTG/FCU,45900,Modbus,2000151,2000495,93,40th,0,East,0,T/East FL40 - LTG/FCU - DB/TOC/E/40/02,Electricity,FM Global,yes,
361,T/East FL40 - SP,46000,Modbus,2000152,2000496,93,40th,0,East,1,T/East FL40 - SP - DB/TOC/E/40/01,Electricity,FM Global,yes,
362,T/East FL41 - LTG/FCU,46100,Modbus,2000153,2000497,93,41st,0,East,0,T/East FL41 - LTG/FCU - DB/TOC/E/41/02,Electricity,FM Global,yes,
363,T/East FL41 - SP,46200,Modbus,2000154,2000498,93,41st,0,East,1,T/East FL41 - SP - DB/TOC/E/41/01,Electricity,FM Global,yes,
364,T/East FL39 - Comms Room,46300,Modbus,2000148,2000492,93,39th,0,East,2,T/East FL39 - Comms Room,Electricity,Brit Insurance,yes,
365,T/East FL42 - DB1,46400,Modbus,2000155,2000499,93,42nd,0,East,0,T/East FL42 - DB1,Electricity,Xcite,yes,
366,T/East FL43 - LTG/FCU,46500,Modbus,2000157,2000501,93,43rd,0,East,0,T/East FL43 - LTG/FCU,Electricity,Petredec,yes,
367,T/East FL43 - SP,46600,Modbus,2000158,2000502,93,43rd,0,East,1,T/East FL43 - SP,Electricity,Petredec,yes,
368,T/East FL42 - Spare,46700,Modbus,2000156,2000500,93,42nd,0,East,1,T/East FL42 - Spare,Electricity,Xcite,yes,
369,T/East FL44 - SP,46800,Modbus,2000159,2000503,93,44th,0,East,1,T/East FL44 - SP - DB/44/EC/TSP,Electricity,Affinity Shipping,yes,
370,T/East FL45 - SP,46900,Modbus,2000160,2000504,93,45th,0,East,1,T/East FL45 - SP - DB/TOC/E/45MK,Electricity,D-Tek,yes,
371,LV03 - EDF HV SW Room 1 - 2,47000,Modbus,0,0,49,B4,n/a,n/a,n/a,LV03 - EDF HV SW Room 1 - 2,Electricity,,,
372,LV03 - DB/LL/B3/EVC/01,47100,Modbus,0,0,49,B4,n/a,n/a,n/a,LV03 - DB/LL/B3/EVC/01,Electricity,,,
373,HM/01/LTHW,47200,Modbus,2000252,2000596,632,1st,1,North,2,HM/01/LTHW - L01 Tenants LTHW,Fluid energy,AON,yes,
374,HM/01/CHW,47300,Modbus,2000253,2000597,631,1st,1,North,3,HM/01/CHW - L01 Tenants CHW,Fluid energy,AON,yes,
375,HM/02/LTHW,47400,Modbus,2000254,2000598,632,2nd,1,North,2,HM/02/LTHW - L02 Tenants LTHW,Fluid energy,Landlords,yes,
376,HM/02/CHW,47500,Modbus,2000255,2000599,631,2nd,1,North,3,HM/02/CHW - L02 Tenants CHW,Fluid energy,Landlords,yes,
377,HM/03/LTHW,47600,Modbus,2000256,2000600,632,3rd,1,North,2,HM/03/LTHW - L03 Tenants LTHW,Fluid energy,Bob Bob Restaurant,yes,
378,HM/03/CHW,47700,Modbus,2000257,2000601,631,3rd,1,North,3,HM/03/CHW - L03 Tenants CHW,Fluid energy,Bob Bob Restaurant,yes,
379,HM/03/CHW Restaurant,47800,Modbus,2000258,2000602,631,3rd,1,North,4,HM/03/CHW Restaurant - L03 Tenants CHW,Fluid energy,Bob Bob Restaurant,yes,
380,HM/03/LTHW Restaurant,47900,Modbus,2000259,2000603,632,3rd,1,North,5,HM/03/LTHW Restaurant - L03 Tenants LTHW,Fluid energy,Bob Bob Restaurant,yes,
381,HM/04/LTHW,48000,Modbus,2000260,2000604,632,4th,1,North,1,HM/04/LTHW - L04 Tenants LTHW,Fluid energy,AON,yes,
382,HM/04/CHW,48100,Modbus,2000261,2000605,631,4th,1,North,2,HM/04/CHW - L04 Tenants CHW,Fluid energy,AON,yes,
383,HM/05/LTHW,48200,Modbus,2000262,2000606,632,5th,1,North,1,HM/05/LTHW - L05 Tenants LTHW,Fluid energy,AON,yes,
384,HM/05/CHW,48300,Modbus,2000263,2000607,631,5th,1,North,2,HM/05/CHW - L05 Tenants CHW,Fluid energy,AON,yes,
385,HM/06/LTHW,48400,Modbus,2000264,2000608,632,6th,1,North,2,HM/06/LTHW - L06 Tenants LTHW,Fluid energy,AON,yes,
386,HM/06/CHW,48500,Modbus,2000265,2000609,631,6th,1,North,3,HM/06/CHW - L06 Tenants CHW,Fluid energy,AON,yes,
387,HM/07/LTHW,48600,Modbus,2000266,2000610,632,7th,1,North,1,HM/07/LTHW - L07 Tenants LTHW,Fluid energy,AON,yes,
388,HM/07/CHW,48700,Modbus,2000267,2000611,631,7th,1,North,2,HM/07/CHW - L07 Tenants CHW,Fluid energy,AON,yes,
389,HM/08/LTHW,48800,Modbus,2000268,2000612,632,8th,1,North,1,HM/08/LTHW - L08 Tenants LTHW,Fluid energy,AON,yes,
390,HM/08/CHW,48900,Modbus,2000269,2000613,631,8th,1,North,2,HM/08/CHW - L08 Tenants CHW,Fluid energy,AON,yes,
391,HM/09/LTHW,49000,Modbus,2000270,2000614,632,9th,1,North,2,HM/09/LTHW - L09 Tenants LTHW,Fluid energy,AON,yes,
392,HM/09/CHW,49100,Modbus,2000271,2000615,631,9th,1,North,3,HM/09/CHW - L09 Tenants CHW,Fluid energy,AON,yes,
393,HM/10/LTHW,49200,Modbus,2000272,2000616,632,10th,1,North,1,HM/10/LTHW - L10 Tenants LTHW,Fluid energy,,yes,
394,HM/10/CHW,49300,Modbus,2000273,2000617,631,10th,1,North,2,HM/10/CHW - L10 Tenants CHW,Fluid energy,,yes,
395,HM/11/LTHW,49400,Modbus,2000274,2000618,632,11th,1,North,1,HM/11/LTHW - L11 Tenants LTHW,Fluid energy,,yes,
396,HM/11/CHW,49500,Modbus,2000275,2000619,631,11th,1,North,2,HM/11/CHW - L11 Tenants CHW,Fluid energy,,yes,
397,HM/12/LTHW,49600,Modbus,2000276,2000620,632,12th,1,North,2,HM/12/LTHW - L12 Tenants LTHW,Fluid energy,,yes,
398,HM/12/CHW,49700,Modbus,2000277,2000621,631,12th,1,North,3,HM/12/CHW - L12 Tenants CHW,Fluid energy,,yes,
399,HM/13/LTHW,49800,Modbus,2000278,2000622,632,13th,1,North,1,HM/13/LTHW - L13 Tenants LTHW,Fluid energy,,yes,
400,HM/13/CHW,49900,Modbus,2000279,2000623,631,13th,1,North,2,HM/13/CHW - L13 Tenants CHW,Fluid energy,,yes,
401,HM/14/LTHW,50000,Modbus,2000280,2000624,632,14th,1,North,1,HM/14/LTHW - L14 Tenants LTHW,Fluid energy,,yes,
402,HM/14/CHW,50100,Modbus,2000281,2000625,631,14th,1,North,2,HM/14/CHW - L14 Tenants CHW,Fluid energy,,yes,
403,HM/15/LTHW,50200,Modbus,2000282,2000626,632,15th,1,North,2,HM/15/LTHW - L15 Tenants LTHW,Fluid energy,,yes,
404,HM/15/CHW,50300,Modbus,2000283,2000627,631,15th,1,North,3,HM/15/CHW - L15 Tenants CHW,Fluid energy,,yes,
405,HM/16/LTHW,50400,Modbus,2000284,2000628,632,16th,1,North,1,HM/16/LTHW - L16 Tenants LTHW,Fluid energy,,yes,
406,HM/16/CHW,50500,Modbus,2000285,2000629,631,16th,1,North,2,HM/16/CHW - L16 Tenants CHW,Fluid energy,,yes,
407,HM/17/LTHW,50600,Modbus,2000286,2000630,632,17th,1,North,1,HM/17/LTHW - L17 Tenants LTHW,Fluid energy,,yes,
408,HM/17/CHW,50700,Modbus,2000287,2000631,631,17th,1,North,2,HM/17/CHW - L17 Tenants CHW,Fluid energy,,yes,
409,HM/18/LTHW,50800,Modbus,2000288,2000632,632,18th,1,North,2,HM/18/LTHW - L18 Tenants LTHW,Fluid energy,,yes,
410,HM/18/CHW,50900,Modbus,2000289,2000633,631,18th,1,North,3,HM/18/CHW - L18 Tenants CHW,Fluid energy,,yes,
411,HM/19/LTHW,51000,Modbus,2000290,2000634,632,19th,1,North,1,HM/19/LTHW - L19 Tenants LTHW,Fluid energy,,yes,
412,HM/19/CHW,51100,Modbus,2000291,2000635,631,19th,1,North,2,HM/19/CHW - L19 Tenants CHW,Fluid energy,,yes,
413,HM/20/LTHW,51200,Modbus,2000292,2000636,632,20th,1,North,1,HM/20/LTHW - L20 Tenants LTHW,Fluid energy,,yes,
414,HM/20/CHW,51300,Modbus,2000293,2000637,631,20th,1,North,2,HM/20/CHW - L20 Tenants CHW,Fluid energy,,yes,no
415,HM/21/LTHW,51400,Modbus,2000294,2000638,632,21st,1,North,2,HM/21/LTHW - L21 Tenants LTHW,Fluid energy,,yes,
416,HM/21/CHW,51500,Modbus,2000295,2000639,631,21st,1,North,3,HM/21/CHW - L21 Tenants CHW,Fluid energy,,yes,
417,HM/22/LTHW,51600,Modbus,2000296,2000640,632,22nd,1,North,2,HM/22/LTHW - L22 Tenants LTHW,Fluid energy,,yes,
418,HM/22/CHW,51700,Modbus,2000297,2000641,631,22nd,1,North,3,HM/22/CHW - L22 Tenants CHW,Fluid energy,,yes,
419,HM/23/LTHW,51800,Modbus,2000298,2000642,632,23rd,1,North,1,HM/23/LTHW - L23 Tenants LTHW,Fluid energy,,yes,
420,HM/23/CHW,51900,Modbus,2000299,2000643,631,23rd,1,North,2,HM/23/CHW - L23 Tenants CHW,Fluid energy,,yes,
421,HM/24/LTHW,52000,Modbus,2000300,2000644,632,24th,1,North,2,HM/24/LTHW - L24 Tenants LTHW,Fluid energy,,yes,
422,HM/24/CHW,52100,Modbus,2000301,2000645,631,24th,1,North,3,HM/24/CHW - L24 Tenants CHW,Fluid energy,,yes,
423,HM/25/LTHW,52200,Modbus,2000302,2000646,632,25th,1,North,2,HM/25/LTHW - L25 Tenants LTHW,Fluid energy,,yes,
424,HM/25/CHW,52300,Modbus,2000303,2000647,631,25th,1,North,3,HM/25/CHW - L25 Tenants CHW,Fluid energy,,yes,
425,HM/26/LTHW,52400,Modbus,2000304,2000648,632,26th,1,North,1,HM/26/LTHW - L26 Tenants LTHW,Fluid energy,,yes,
426,HM/26/CHW,52500,Modbus,2000305,2000649,631,26th,1,North,2,HM/26/CHW - L26 Tenants CHW,Fluid energy,,yes,
427,HM/27/LTHW,52600,Modbus,2000306,2000650,632,27th,1,North,2,HM/27/LTHW - L27 Tenants LTHW,Fluid energy,,yes,
428,HM/27/CHW,52700,Modbus,2000307,2000651,631,27th,1,North,3,HM/27/CHW - L27 Tenants CHW,Fluid energy,,yes,
429,HM/28/LTHW,52800,Modbus,2000308,2000652,632,28th,1,North,1,HM/28/LTHW - L28 Tenants LTHW,Fluid energy,,yes,
430,HM/28/CHW,52900,Modbus,2000309,2000653,631,28th,1,North,2,HM/28/CHW - L28 Tenants CHW,Fluid energy,,yes,
431,HM/29/LTHW,53000,Modbus,2000310,2000654,632,29th,1,North,1,HM/29/LTHW - L29 Tenants LTHW,Fluid energy,,yes,
432,HM/29/CHW,53100,Modbus,2000311,2000655,631,29th,1,North,2,HM/29/CHW - L29 Tenants CHW,Fluid energy,,yes,
433,HM/30/LTHW,53200,Modbus,2000312,2000656,632,30th,1,North,2,HM/30/LTHW - L30 Tenants LTHW,Fluid energy,,yes,
434,HM/30/CHW,53300,Modbus,2000313,2000657,631,30th,1,North,3,HM/30/CHW - L30 Tenants CHW,Fluid energy,,yes,
435,HM/31/LTHW,53400,Modbus,2000314,2000658,632,31st,1,North,1,HM/31/LTHW - L31 Tenants LTHW,Fluid energy,,yes,
436,HM/31/CHW,53500,Modbus,2000315,2000659,631,31st,1,North,2,HM/31/CHW - L31 Tenants CHW,Fluid energy,,yes,
437,HM/32/LTHW,53600,Modbus,2000316,2000660,632,32nd,1,North,1,HM/32/LTHW - L32 Tenants LTHW,Fluid energy,,yes,
438,HM/32/CHW,53700,Modbus,2000317,2000661,631,32nd,1,North,2,HM/32/CHW - L32 Tenants CHW,Fluid energy,,yes,
439,HM/33/LTHW,53800,Modbus,2000318,2000662,632,33rd,1,North,2,HM/33/LTHW - L33 Tenants LTHW,Fluid energy,,yes,
440,HM/33/CHW,53900,Modbus,2000319,2000663,631,33rd,1,North,3,HM/33/CHW - L33 Tenants CHW,Fluid energy,,yes,
441,HM/34/LTHW,54000,Modbus,2000320,2000664,632,34th,1,North,1,HM/34/LTHW - L34 Tenants LTHW,Fluid energy,,yes,
442,HM/34/CHW,54100,Modbus,2000321,2000665,631,34th,1,North,2,HM/34/CHW - L34 Tenants CHW,Fluid energy,,yes,
443,HM/35/LTHW,54200,Modbus,2000322,2000666,632,35th,1,North,1,HM/35/LTHW - L35 Tenants LTHW,Fluid energy,,yes,
444,HM/35/CHW,54300,Modbus,2000323,2000667,631,35th,1,North,2,HM/35/CHW - L35 Tenants CHW,Fluid energy,,yes,
445,HM/36/LTHW,54400,Modbus,2000324,2000668,632,36th,1,North,2,HM/36/LTHW - L36 Tenants LTHW,Fluid energy,,yes,
446,HM/36/CHW,54500,Modbus,2000325,2000669,631,36th,1,North,3,HM/36/CHW - L36 Tenants CHW,Fluid energy,,yes,
447,HM/37/LTHW,54600,Modbus,2000326,2000670,632,37th,1,North,1,HM/37/LTHW - L37 Tenants LTHW,Fluid energy,,yes,
448,HM/37/CHW,54700,Modbus,2000327,2000671,631,37th,1,North,2,HM/37/CHW - L37 Tenants CHW,Fluid energy,,yes,
449,HM/38/LTHW,54800,Modbus,2000328,2000672,632,38th,1,North,1,HM/38/LTHW - L38 Tenants LTHW,Fluid energy,,yes,
450,HM/38/CHW,54900,Modbus,2000329,2000673,631,38th,1,North,2,HM/38/CHW - L38 Tenants CHW,Fluid energy,,yes,
451,HM/39/LTHW,55000,Modbus,2000330,2000674,632,39th,1,North,2,HM/39/LTHW - L39 Tenants LTHW,Fluid energy,,yes,
452,HM/39/CHW,55100,Modbus,2000331,2000675,631,39th,1,North,3,HM/39/CHW - L39 Tenants CHW,Fluid energy,,yes,
453,HM/40/LTHW,55200,Modbus,2000332,2000676,632,40th,1,North,1,HM/40/LTHW - L40 Tenants LTHW,Fluid energy,,yes,
454,HM/40/CHW,55300,Modbus,2000333,2000677,631,40th,1,North,2,HM/40/CHW - L40 Tenants CHW,Fluid energy,,yes,
455,HM/41/LTHW,55400,Modbus,2000334,2000678,632,41st,1,North,1,HM/41/LTHW - L41 Tenants LTHW,Fluid energy,,yes,
456,HM/41/CHW,55500,Modbus,2000335,2000679,631,41st,1,North,2,HM/41/CHW - L41 Tenants CHW,Fluid energy,,yes,
457,HM/42/LTHW,55600,Modbus,2000336,2000680,632,42nd,1,North,2,HM/42/LTHW - L42 Tenants LTHW,Fluid energy,,yes,
458,HM/42/CHW,55700,Modbus,2000337,2000681,631,42nd,1,North,3,HM/42/CHW - L42 Tenants CHW,Fluid energy,,yes,
459,HM/43/LTHW,55800,Modbus,2000338,2000682,632,43rd,1,North,1,HM/43/LTHW - L43 Tenants LTHW,Fluid energy,,yes,
460,HM/43/CHW,55900,Modbus,2000339,2000683,631,43rd,1,North,2,HM/43/CHW - L43 Tenants CHW,Fluid energy,,yes,
461,HM/44/LTHW,56000,Modbus,2000340,2000684,632,44th,1,North,1,HM/44/LTHW - L44 Tenants LTHW,Fluid energy,,yes,
462,HM/44/CHW,56100,Modbus,2000341,2000685,631,44th,1,North,2,HM/44/CHW - L44 Tenants CHW,Fluid energy,,yes,
463,HM/45/LTHW,56200,Modbus,2000342,2000686,632,45th,1,North,2,HM/45/LTHW - L45 Tenants LTHW,Fluid energy,,yes,
464,HM/45/CHW,56300,Modbus,2000343,2000687,631,45th,1,North,3,HM/45/CHW - L45 Tenants CHW,Fluid energy,,yes,
465,CHW Chiller One Output,56400,Modbus,0,0,631,B2,n/a,n/a,n/a,CHW Chiller One Output,Fluid energy,,,
466,CHW Chiller Two Output,56500,Modbus,0,0,631,B2,n/a,n/a,n/a,CHW Chiller Two Output,Fluid energy,,,
467,CHW Chiller Three Output,56600,Modbus,0,0,631,B2,n/a,n/a,n/a,CHW Chiller Three Output,Fluid energy,,,
468,CHW Chiller Four Output,56700,Modbus,0,0,631,B2,n/a,n/a,n/a,CHW Chiller Four Output,Fluid energy,,,
469,CHW Basement Cooling,56800,Modbus,0,0,631,B2,n/a,n/a,n/a,CHW Basement Cooling,Fluid energy,,,
470,LTHW Basement AHU B1/B2,56900,Modbus,0,0,n/a,B2,n/a,n/a,n/a,LTHW Basement AHU B1/B2,Fluid energy,,,
471,Aon Post Room - LTHW,57000,Modbus,0,0,n/a,Basement,0,North,0,Aon Post Room - LTHW,Fluid energy,AON,yes,
472,Aon Welfare Room - LTHW,57100,Modbus,0,0,n/a,Basement,0,North,1,Aon Welfare Room - LTHW,Fluid energy,AON,yes,
473,Aon Security Room - LTHW,57200,Modbus,0,0,n/a,Basement,0,North,2,Aon Security Room - LTHW,Fluid energy,AON,yes,
474,LTHW Total Boiler Output,57300,Modbus,0,0,n/a,B2,n/a,n/a,n/a,LTHW Total Boiler Output,Fluid energy,,,
475,CHW FL46 LFCU/RCU,57400,Modbus,0,0,631,46th,n/a,n/a,n/a,CHW FL46 LFCU/RCU,Fluid energy,Landlords,,
476,Landlords L/SP Apportioned Floor 1,57500,Calculation,0,0,n/a,n/a,null,n/a,null,Landlords L/SP Apportioned Floor 1,Electricity,,yes,no
477,Landlords L/SP Apportioned Floor 3,57600,Calculation,0,0,n/a,4th,1,North,6,Landlords L/SP Apportioned Floor 3,Electricity,AON,yes,no
478,Landlords L/SP Apportioned Floor 6,57700,Calculation,0,0,n/a,5th/6th/7th,1,North,6,Landlords L/SP Apportioned Floor 6,Electricity,AON,yes,no
479,Landlords L/SP Apportioned Floor 9,57800,Calculation,0,0,n/a,8th/9th/10th,1,North,6,Landlords L/SP Apportioned Floor 9,Electricity,AON,yes,no
480,Landlords L/SP Apportioned Floor 12,57900,Calculation,0,0,n/a,11th/12th/13th,1,North,6,Landlords L/SP Apportioned Floor 12,Electricity,AON,yes,no
481,Landlords L/SP Apportioned Floor 15,58000,Calculation,0,0,n/a,n/a,null,n/a,null,Landlords L/SP Apportioned Floor 15,Electricity,,yes,no
482,Landlords L/SP Apportioned Floor 18,58100,Calculation,0,0,n/a,n/a,null,n/a,null,Landlords L/SP Apportioned Floor 18,Electricity,,yes,no
483,Landlords L/SP Apportioned Floor 21,58200,Calculation,0,0,n/a,n/a,null,n/a,null,Landlords L/SP Apportioned Floor 21,Electricity,,yes,no
484,Landlords L/SP Apportioned Floor 24,58300,Calculation,0,0,n/a,n/a,null,n/a,null,Landlords L/SP Apportioned Floor 24,Electricity,,yes,no
485,Landlords L/SP Apportioned Floor 27,58400,Calculation,0,0,n/a,n/a,null,n/a,null,Landlords L/SP Apportioned Floor 27,Electricity,,,no
486,Landlords L/SP Apportioned Floor 30,58500,Calculation,0,0,n/a,n/a,null,n/a,null,Landlords L/SP Apportioned Floor 30,Electricity,,,no
487,Landlords L/SP Apportioned Floor 33,58600,Calculation,0,0,n/a,n/a,null,n/a,null,Landlords L/SP Apportioned Floor 33,Electricity,,yes,no
488,Landlords L/SP Apportioned Floor 36,58700,Calculation,0,0,n/a,n/a,null,n/a,null,Landlords L/SP Apportioned Floor 36,Electricity,,,no
489,Landlords L/SP Apportioned Floor 39,58800,Calculation,0,0,n/a,n/a,null,n/a,null,Landlords L/SP Apportioned Floor 39,Electricity,,,no
490,Landlords L/SP Apportioned Floor 42,58900,Calculation,0,0,n/a,n/a,null,n/a,null,Landlords L/SP Apportioned Floor 42,Electricity,,yes,no
491,Landlords L/SP Apportioned Floor 45,59000,Calculation,0,0,n/a,n/a,null,n/a,null,Landlords L/SP Apportioned Floor 45,Electricity,,,no
492,Floor 1 - Tenants Total Electricity,59100,Calculation,2000688,2000825,n/a,1st,null,n/a,null,Floor Tenants Electricity,Electricity,AON,,
493,Floor 2 - Tenants Total Electricity,59200,Calculation,2000689,2000826,n/a,2nd,null,n/a,null,Floor Tenants Electricity,Electricity,Landlords,,
494,Floor 3 - Tenants Total Electricity,59300,Calculation,2000690,2000827,n/a,3rd,null,n/a,null,Floor Tenants Electricity,Electricity,Bob Bob Restaurant,,
495,Floor 4 - Tenants Total Electricity,59400,Calculation,2000691,2000828,n/a,4th,null,n/a,null,Floor Tenants Electricity,Electricity,AON,,
496,Floor 5 - Tenants Total Electricity,59500,Calculation,2000692,2000829,n/a,5th,null,n/a,null,Floor Tenants Electricity,Electricity,AON,,
497,Floor 6 - Tenants Total Electricity,59600,Calculation,2000693,2000830,n/a,6th,null,n/a,null,Floor Tenants Electricity,Electricity,AON,,
498,Floor 7 - Tenants Total Electricity,59700,Calculation,2000694,2000831,n/a,7th,null,n/a,null,Floor Tenants Electricity,Electricity,AON,,
499,Floor 8 - Tenants Total Electricity,59800,Calculation,2000695,2000832,n/a,8th,null,n/a,null,Floor Tenants Electricity,Electricity,AON,,
500,Floor 9 - Tenants Total Electricity,59900,Calculation,2000696,2000833,n/a,9th,null,n/a,null,Floor Tenants Electricity,Electricity,AON,,
501,Floor 10 - Tenants Total Electricity,60000,Calculation,2000697,2000834,n/a,10th,null,n/a,null,Floor Tenants Electricity,Electricity,AON,,
502,Floor 11 - Tenants Total Electricity,60100,Calculation,2000698,2000835,n/a,11th,null,n/a,null,Floor Tenants Electricity,Electricity,AON,,
503,Floor 12 - Tenants Total Electricity,60200,Calculation,2000699,2000836,n/a,12th,null,n/a,null,Floor Tenants Electricity,Electricity,AON,,
504,Floor 13 - Tenants Total Electricity,60300,Calculation,2000700,2000837,n/a,13th,null,n/a,null,Floor Tenants Electricity,Electricity,AON,,
505,Floor 14 - Tenants Total Electricity,60400,Calculation,2000701,2000838,n/a,14th,null,n/a,null,Floor Tenants Electricity,Electricity,RSH&P,,
506,Floor 15 - Tenants Total Electricity,60500,Calculation,2000702,2000839,n/a,15th,null,n/a,null,Floor Tenants Electricity,Electricity,Virgin Money,,
507,Floor 16 - Tenants Total Electricity,60600,Calculation,2000703,2000840,n/a,16th,null,n/a,null,Floor Tenants Electricity,Electricity,KI Group Services,,
508,Floor 17 - Tenants Total Electricity,60700,Calculation,2000704,2000841,n/a,17th,null,n/a,null,Floor Tenants Electricity,Electricity,Brit Insurance,,
509,Floor 18 - Tenants Total Electricity,60800,Calculation,2000705,2000842,n/a,18th,null,n/a,null,Floor Tenants Electricity,Electricity,Brit Insurance,,
510,Floor 19 - Tenants Total Electricity,60900,Calculation,2000706,2000843,n/a,19th,null,n/a,null,Floor Tenants Electricity,Electricity,UIB,,
511,Floor 20 - Tenants Total Electricity,61000,Calculation,2000707,2000844,n/a,20th,null,n/a,null,Floor Tenants Electricity,Electricity,MS Amlin,,
512,Floor 21 - Tenants Total Electricity,61100,Calculation,2000708,2000845,n/a,21st,null,n/a,null,Floor Tenants Electricity,Electricity,MS Amlin,,
513,Floor 22 - Tenants Total Electricity,61200,Calculation,2000709,2000846,n/a,22nd,null,n/a,null,Floor Tenants Electricity,Electricity,MS Amlin,,
514,Floor 23 - Tenants Total Electricity,61300,Calculation,2000710,2000847,n/a,23rd,null,n/a,null,Floor Tenants Electricity,Electricity,MS Amlin,,
515,Floor 24 - Tenants Total Electricity,61400,Calculation,2000711,2000848,n/a,24th,null,n/a,null,Floor Tenants Electricity,Electricity,MS Amlin,,
516,Floor 25 - Tenants Total Electricity,61500,Calculation,2000712,2000849,n/a,25th,null,n/a,null,Floor Tenants Electricity,Electricity,DRW,,
517,Floor 26 - Tenants Total Electricity,61600,Calculation,2000713,2000850,n/a,26th,null,n/a,null,Floor Tenants Electricity,Electricity,Aegon / Draft Kings,,
518,Floor 27 - Tenants Total Electricity,61700,Calculation,2000714,2000851,n/a,27th,null,n/a,null,Floor Tenants Electricity,Electricity,OMERS,,
519,Floor 28 - Tenants Total Electricity,61800,Calculation,2000715,2000852,n/a,28th,null,n/a,null,Floor Tenants Electricity,Electricity,OMERS,,
520,Floor 29 - Tenants Total Electricity,61900,Calculation,2000716,2000853,n/a,29th,null,n/a,null,Floor Tenants Electricity,Electricity,OMERS,,
521,Floor 30 - Tenants Total Electricity,62000,Calculation,2000717,2000854,n/a,30th,null,n/a,null,Floor Tenants Electricity,Electricity,Serve corp,,
522,Floor 31 - Tenants Total Electricity,62100,Calculation,2000718,2000855,n/a,31st,null,n/a,null,Floor Tenants Electricity,Electricity,Quadrature,,
523,Floor 32 - Tenants Total Electricity,62200,Calculation,2000719,2000856,n/a,32nd,null,n/a,null,Floor Tenants Electricity,Electricity,Quadrature,,
524,Floor 33 - Tenants Total Electricity,62300,Calculation,2000720,2000857,n/a,33rd,null,n/a,null,Floor Tenants Electricity,Electricity,Quadrature,,
525,Floor 34 - Tenants Total Electricity,62400,Calculation,2000721,2000858,n/a,34th,null,n/a,null,Floor Tenants Electricity,Electricity,Quadrature,,
526,Floor 35 - Tenants Total Electricity,62500,Calculation,2000722,2000859,n/a,35th,null,n/a,null,Floor Tenants Electricity,Electricity,DRW,,
527,Floor 36 - Tenants Total Electricity,62600,Calculation,2000723,2000860,n/a,36th,null,n/a,null,Floor Tenants Electricity,Electricity,DRW,,
528,Floor 37 - Tenants Total Electricity,62700,Calculation,2000724,2000861,n/a,37th,null,n/a,null,Floor Tenants Electricity,Electricity,DRW,,
529,Floor 38 - Tenants Total Electricity,62800,Calculation,2000725,2000862,n/a,38th,null,n/a,null,Floor Tenants Electricity,Electricity,DRW,,
530,Floor 39 - Tenants Total Electricity,62900,Calculation,2000726,2000863,n/a,39th,null,n/a,null,Floor Tenants Electricity,Electricity,Brit Insurance,,
531,Floor 40 - Tenants Total Electricity,63000,Calculation,2000727,2000864,n/a,40th,null,n/a,null,Floor Tenants Electricity,Electricity,FM Global,,
532,Floor 41 - Tenants Total Electricity,63100,Calculation,2000728,2000865,n/a,41st,null,n/a,null,Floor Tenants Electricity,Electricity,FM Global,,
533,Floor 42 - Tenants Total Electricity,63200,Calculation,2000729,2000866,n/a,42nd,null,n/a,null,Floor Tenants Electricity,Electricity,Xcite,,
534,Floor 43 - Tenants Total Electricity,63300,Calculation,2000730,2000867,n/a,43rd,null,n/a,null,Floor Tenants Electricity,Electricity,Petredec,,
535,Floor 44 - Tenants Total Electricity,63400,Calculation,2000731,2000868,n/a,44th,null,n/a,null,Floor Tenants Electricity,Electricity,Affinity Shipping,,
536,Floor 45 - Tenants Total Electricity,63500,Calculation,2000732,2000869,n/a,45th,null,n/a,null,Floor Tenants Electricity,Electricity,D-Tek,,
537,Floor 1 - Landlords Total Electricity,63600,Calculation,2000733,2000870,n/a,1st,null,n/a,null,Floor Landlords Electricity,Electricity,AON,,
538,Floor 2 - Landlords Total Electricity,63700,Calculation,2000734,2000871,n/a,2nd,null,n/a,null,Floor Landlords Electricity,Electricity,Landlords,,
539,Floor 3 - Landlords Total Electricity,63800,Calculation,2000735,2000872,n/a,3rd,null,n/a,null,Floor Landlords Electricity,Electricity,Bob Bob Restaurant,,
540,Floor 4 - Landlords Total Electricity,63900,Calculation,2000736,2000873,n/a,4th,null,n/a,null,Floor Landlords Electricity,Electricity,AON,,
541,Floor 5 - Landlords Total Electricity,64000,Calculation,2000737,2000874,n/a,5th,null,n/a,null,Floor Landlords Electricity,Electricity,AON,,
542,Floor 6 - Landlords Total Electricity,64100,Calculation,2000738,2000875,n/a,6th,null,n/a,null,Floor Landlords Electricity,Electricity,AON,,
543,Floor 7 - Landlords Total Electricity,64200,Calculation,2000739,2000876,n/a,7th,null,n/a,null,Floor Landlords Electricity,Electricity,AON,,
544,Floor 8 - Landlords Total Electricity,64300,Calculation,2000740,2000877,n/a,8th,null,n/a,null,Floor Landlords Electricity,Electricity,AON,,
545,Floor 9 - Landlords Total Electricity,64400,Calculation,2000741,2000878,n/a,9th,null,n/a,null,Floor Landlords Electricity,Electricity,AON,,
546,Floor 10 - Landlords Total Electricity,64500,Calculation,2000742,2000879,n/a,10th,null,n/a,null,Floor Landlords Electricity,Electricity,AON,,
547,Floor 11 - Landlords Total Electricity,64600,Calculation,2000743,2000880,n/a,11th,null,n/a,null,Floor Landlords Electricity,Electricity,AON,,
548,Floor 12 - Landlords Total Electricity,64700,Calculation,2000744,2000881,n/a,12th,null,n/a,null,Floor Landlords Electricity,Electricity,AON,,
549,Floor 13 - Landlords Total Electricity,64800,Calculation,2000745,2000882,n/a,13th,null,n/a,null,Floor Landlords Electricity,Electricity,AON,,
550,Floor 14 - Landlords Total Electricity,64900,Calculation,2000746,2000883,n/a,14th,null,n/a,null,Floor Landlords Electricity,Electricity,RSH&P,,
551,Floor 15 - Landlords Total Electricity,65000,Calculation,2000747,2000884,n/a,15th,null,n/a,null,Floor Landlords Electricity,Electricity,Virgin Money,,
552,Floor 16 - Landlords Total Electricity,65100,Calculation,2000748,2000885,n/a,16th,null,n/a,null,Floor Landlords Electricity,Electricity,KI Group Services,,
553,Floor 17 - Landlords Total Electricity,65200,Calculation,2000749,2000886,n/a,17th,null,n/a,null,Floor Landlords Electricity,Electricity,Brit Insurance,,
554,Floor 18 - Landlords Total Electricity,65300,Calculation,2000750,2000887,n/a,18th,null,n/a,null,Floor Landlords Electricity,Electricity,Brit Insurance,,
555,Floor 19 - Landlords Total Electricity,65400,Calculation,2000751,2000888,n/a,19th,null,n/a,null,Floor Landlords Electricity,Electricity,UIB,,
556,Floor 20 - Landlords Total Electricity,65500,Calculation,2000752,2000889,n/a,20th,null,n/a,null,Floor Landlords Electricity,Electricity,MS Amlin,,
557,Floor 21 - Landlords Total Electricity,65600,Calculation,2000753,2000890,n/a,21st,null,n/a,null,Floor Landlords Electricity,Electricity,MS Amlin,,
558,Floor 22 - Landlords Total Electricity,65700,Calculation,2000754,2000891,n/a,22nd,null,n/a,null,Floor Landlords Electricity,Electricity,MS Amlin,,
559,Floor 23 - Landlords Total Electricity,65800,Calculation,2000755,2000892,n/a,23rd,null,n/a,null,Floor Landlords Electricity,Electricity,MS Amlin,,
560,Floor 24 - Landlords Total Electricity,65900,Calculation,2000756,2000893,n/a,24th,null,n/a,null,Floor Landlords Electricity,Electricity,MS Amlin,,
561,Floor 25 - Landlords Total Electricity,66000,Calculation,2000757,2000894,n/a,25th,null,n/a,null,Floor Landlords Electricity,Electricity,DRW,,
562,Floor 26 - Landlords Total Electricity,66100,Calculation,2000758,2000895,n/a,26th,null,n/a,null,Floor Landlords Electricity,Electricity,Aegon / Draft Kings,,
563,Floor 27 - Landlords Total Electricity,66200,Calculation,2000759,2000896,n/a,27th,null,n/a,null,Floor Landlords Electricity,Electricity,OMERS,,
564,Floor 28 - Landlords Total Electricity,66300,Calculation,2000760,2000897,n/a,28th,null,n/a,null,Floor Landlords Electricity,Electricity,OMERS,,
565,Floor 29 - Landlords Total Electricity,66400,Calculation,2000761,2000898,n/a,29th,null,n/a,null,Floor Landlords Electricity,Electricity,OMERS,,
566,Floor 30 - Landlords Total Electricity,66500,Calculation,2000762,2000899,n/a,30th,null,n/a,null,Floor Landlords Electricity,Electricity,Serve corp,,
567,Floor 31 - Landlords Total Electricity,66600,Calculation,2000763,2000900,n/a,31st,null,n/a,null,Floor Landlords Electricity,Electricity,Quadrature,,
568,Floor 32 - Landlords Total Electricity,66700,Calculation,2000764,2000901,n/a,32nd,null,n/a,null,Floor Landlords Electricity,Electricity,Quadrature,,
569,Floor 33 - Landlords Total Electricity,66800,Calculation,2000765,2000902,n/a,33rd,null,n/a,null,Floor Landlords Electricity,Electricity,Quadrature,,
570,Floor 34 - Landlords Total Electricity,66900,Calculation,2000766,2000903,n/a,34th,null,n/a,null,Floor Landlords Electricity,Electricity,Quadrature,,
571,Floor 35 - Landlords Total Electricity,67000,Calculation,2000767,2000904,n/a,35th,null,n/a,null,Floor Landlords Electricity,Electricity,DRW,,
572,Floor 36 - Landlords Total Electricity,67100,Calculation,2000768,2000905,n/a,36th,null,n/a,null,Floor Landlords Electricity,Electricity,DRW,,
573,Floor 37 - Landlords Total Electricity,67200,Calculation,2000769,2000906,n/a,37th,null,n/a,null,Floor Landlords Electricity,Electricity,DRW,,
574,Floor 38 - Landlords Total Electricity,67300,Calculation,2000770,2000907,n/a,38th,null,n/a,null,Floor Landlords Electricity,Electricity,DRW,,
575,Floor 39 - Landlords Total Electricity,67400,Calculation,2000771,2000908,n/a,39th,null,n/a,null,Floor Landlords Electricity,Electricity,Brit Insurance,,
576,Floor 40 - Landlords Total Electricity,67500,Calculation,2000772,2000909,n/a,40th,null,n/a,null,Floor Landlords Electricity,Electricity,FM Global,,
577,Floor 41 - Landlords Total Electricity,67600,Calculation,2000773,2000910,n/a,41st,null,n/a,null,Floor Landlords Electricity,Electricity,FM Global,,
578,Floor 42 - Landlords Total Electricity,67700,Calculation,2000774,2000911,n/a,42nd,null,n/a,null,Floor Landlords Electricity,Electricity,Xcite,,
579,Floor 43 - Landlords Total Electricity,67800,Calculation,2000775,2000912,n/a,43rd,null,n/a,null,Floor Landlords Electricity,Electricity,Petredec,,
580,Floor 44 - Landlords Total Electricity,67900,Calculation,2000776,2000913,n/a,44th,null,n/a,null,Floor Landlords Electricity,Electricity,Affinity Shipping,,
581,Floor 45 - Landlords Total Electricity,68000,Calculation,2000777,2000914,n/a,45th,null,n/a,null,Floor Landlords Electricity,Electricity,D-Tek,,
582,Floor 46 - Landlords Total Electricity,68100,Calculation,2000778,2000915,n/a,46th,null,n/a,null,Floor Landlords Electricity,Electricity,Landlords,,
583,Floor 1 - Total Electricity,68200,Calculation,2000779,2000916,n/a,1st,null,n/a,null,Floor Total Electricity,Electricity,AON,,
584,Floor 2 - Total Electricity,68300,Calculation,2000780,2000917,n/a,2nd,null,n/a,null,Floor Total Electricity,Electricity,Landlords,,
585,Floor 3 - Total Electricity,68400,Calculation,2000781,2000918,n/a,3rd,null,n/a,null,Floor Total Electricity,Electricity,Bob Bob Restaurant,,
586,Floor 4 - Total Electricity,68500,Calculation,2000782,2000919,n/a,4th,null,n/a,null,Floor Total Electricity,Electricity,AON,,
587,Floor 5 - Total Electricity,68600,Calculation,2000783,2000920,n/a,5th,null,n/a,null,Floor Total Electricity,Electricity,AON,,
588,Floor 6 - Total Electricity,68700,Calculation,2000784,2000921,n/a,6th,null,n/a,null,Floor Total Electricity,Electricity,AON,,
589,Floor 7 - Total Electricity,68800,Calculation,2000785,2000922,n/a,7th,null,n/a,null,Floor Total Electricity,Electricity,AON,,
590,Floor 8 - Total Electricity,68900,Calculation,2000786,2000923,n/a,8th,null,n/a,null,Floor Total Electricity,Electricity,AON,,
591,Floor 9 - Total Electricity,69000,Calculation,2000787,2000924,n/a,9th,null,n/a,null,Floor Total Electricity,Electricity,AON,,
592,Floor 10 - Total Electricity,69100,Calculation,2000788,2000925,n/a,10th,null,n/a,null,Floor Total Electricity,Electricity,AON,,
593,Floor 11 - Total Electricity,69200,Calculation,2000789,2000926,n/a,11th,null,n/a,null,Floor Total Electricity,Electricity,AON,,
594,Floor 12 - Total Electricity,69300,Calculation,2000790,2000927,n/a,12th,null,n/a,null,Floor Total Electricity,Electricity,AON,,
595,Floor 13 - Total Electricity,69400,Calculation,2000791,2000928,n/a,13th,null,n/a,null,Floor Total Electricity,Electricity,AON,,
596,Floor 14 - Total Electricity,69500,Calculation,2000792,2000929,n/a,14th,null,n/a,null,Floor Total Electricity,Electricity,RSH&P,,
597,Floor 15 - Total Electricity,69600,Calculation,2000793,2000930,n/a,15th,null,n/a,null,Floor Total Electricity,Electricity,Virgin Money,,
598,Floor 16 - Total Electricity,69700,Calculation,2000794,2000931,n/a,16th,null,n/a,null,Floor Total Electricity,Electricity,KI Group Services,,
599,Floor 17 - Total Electricity,69800,Calculation,2000795,2000932,n/a,17th,null,n/a,null,Floor Total Electricity,Electricity,Brit Insurance,,
600,Floor 18 - Total Electricity,69900,Calculation,2000796,2000933,n/a,18th,null,n/a,null,Floor Total Electricity,Electricity,Brit Insurance,,
601,Floor 19 - Total Electricity,70000,Calculation,2000797,2000934,n/a,19th,null,n/a,null,Floor Total Electricity,Electricity,UIB,,
602,Floor 20 - Total Electricity,70100,Calculation,2000798,2000935,n/a,20th,null,n/a,null,Floor Total Electricity,Electricity,MS Amlin,,
603,Floor 21 - Total Electricity,70200,Calculation,2000799,2000936,n/a,21st,null,n/a,null,Floor Total Electricity,Electricity,MS Amlin,,
604,Floor 22 - Total Electricity,70300,Calculation,2000800,2000937,n/a,22nd,null,n/a,null,Floor Total Electricity,Electricity,MS Amlin,,
605,Floor 23 - Total Electricity,70400,Calculation,2000801,2000938,n/a,23rd,null,n/a,null,Floor Total Electricity,Electricity,MS Amlin,,
606,Floor 24 - Total Electricity,70500,Calculation,2000802,2000939,n/a,24th,null,n/a,null,Floor Total Electricity,Electricity,MS Amlin,,
607,Floor 25 - Total Electricity,70600,Calculation,2000803,2000940,n/a,25th,null,n/a,null,Floor Total Electricity,Electricity,DRW,,
608,Floor 26 - Total Electricity,70700,Calculation,2000804,2000941,n/a,26th,null,n/a,null,Floor Total Electricity,Electricity,Aegon / Draft Kings,,
609,Floor 27 - Total Electricity,70800,Calculation,2000805,2000942,n/a,27th,null,n/a,null,Floor Total Electricity,Electricity,OMERS,,
610,Floor 28 - Total Electricity,70900,Calculation,2000806,2000943,n/a,28th,null,n/a,null,Floor Total Electricity,Electricity,OMERS,,
611,Floor 29 - Total Electricity,71000,Calculation,2000807,2000944,n/a,29th,null,n/a,null,Floor Total Electricity,Electricity,OMERS,,
612,Floor 30 - Total Electricity,71100,Calculation,2000808,2000945,n/a,30th,null,n/a,null,Floor Total Electricity,Electricity,Serve corp,,
613,Floor 31 - Total Electricity,71200,Calculation,2000809,2000946,n/a,31st,null,n/a,null,Floor Total Electricity,Electricity,Quadrature,,
614,Floor 32 - Total Electricity,71300,Calculation,2000810,2000947,n/a,32nd,null,n/a,null,Floor Total Electricity,Electricity,Quadrature,,
615,Floor 33 - Total Electricity,71400,Calculation,2000811,2000948,n/a,33rd,null,n/a,null,Floor Total Electricity,Electricity,Quadrature,,
616,Floor 34 - Total Electricity,71500,Calculation,2000812,2000949,n/a,34th,null,n/a,null,Floor Total Electricity,Electricity,Quadrature,,
617,Floor 35 - Total Electricity,71600,Calculation,2000813,2000950,n/a,35th,null,n/a,null,Floor Total Electricity,Electricity,DRW,,
618,Floor 36 - Total Electricity,71700,Calculation,2000814,2000951,n/a,36th,null,n/a,null,Floor Total Electricity,Electricity,DRW,,
619,Floor 37 - Total Electricity,71800,Calculation,2000815,2000952,n/a,37th,null,n/a,null,Floor Total Electricity,Electricity,DRW,,
620,Floor 38 - Total Electricity,71900,Calculation,2000816,2000953,n/a,38th,null,n/a,null,Floor Total Electricity,Electricity,DRW,,
621,Floor 39 - Total Electricity,72000,Calculation,2000817,2000954,n/a,39th,null,n/a,null,Floor Total Electricity,Electricity,Brit Insurance,,
622,Floor 40 - Total Electricity,72100,Calculation,2000818,2000955,n/a,40th,null,n/a,null,Floor Total Electricity,Electricity,FM Global,,
623,Floor 41 - Total Electricity,72200,Calculation,2000819,2000956,n/a,41st,null,n/a,null,Floor Total Electricity,Electricity,FM Global,,
624,Floor 42 - Total Electricity,72300,Calculation,2000820,2000957,n/a,42nd,null,n/a,null,Floor Total Electricity,Electricity,Xcite,,
625,Floor 43 - Total Electricity,72400,Calculation,2000821,2000958,n/a,43rd,null,n/a,null,Floor Total Electricity,Electricity,Petredec,,
626,Floor 44 - Total Electricity,72500,Calculation,2000822,2000959,n/a,44th,null,n/a,null,Floor Total Electricity,Electricity,Affinity Shipping,,
627,Floor 45 - Total Electricity,72600,Calculation,2000823,2000960,n/a,45th,null,n/a,null,,Electricity,D-Tek,,
628,Floor 46 - Total Electricity,72700,Calculation,2000824,2000961,n/a,46th,null,n/a,null,Floor Total Electricity,Electricity,Landlords,,
629,Total Main Incomer Electricity,72800,Calculation,0,0,n/a,B4,n/a,n/a,n/a,Incomer,Electricity,,,
630,Total Generators,72900,Calculation,0,0,629,B4,n/a,n/a,n/a,Generators,Electricity,,,
631,Tenants Total CHW,73000,Calculation,0,0,n/a,B4,n/a,n/a,n/a,CHW,Fluid energy,,,
632,Tenants Total LTHW,73100,Calculation,0,0,n/a,B4,n/a,n/a,n/a,LTHW,Fluid energy,,,
633,AON Total Electricity,73200,Calculation,0,0,n/a,n/a,,,,,Electricity,AON,,
634,AON Total LTHW,73300,Calculation,0,0,n/a,n/a,,,,LTHW,Fluid energy,AON,,
635,AON Total CHW,73400,Calculation,0,0,n/a,n/a,,,,CHW,Fluid energy,AON,,
636,Primary CHW,73500,Calculation,0,0,n/a,n/a,,,,CHW,Fluid energy,AON,,
637,Landlords Total LTHW,73600,Calculation,0,0,n/a,n/a,,,,LTHW,Fluid energy,AON,,
638,Landlords Total CHW,73700,Calculation,0,0,n/a,n/a,,,,CHW,Fluid energy,AON,,
639,Apportioned Landlords LTHW,73800,Calculation,2000974,2000988,n/a,1st/4th/5th/6th/7th/8th/9th/10th/11th/12th/13th,1,North,4,LTHW,Fluid energy,AON,yes,no
640,Apportioned Landlords CHW,73900,Calculation,2000975,2000989,n/a,1st/4th/5th/6th/7th/8th/9th/10th/11th/12th/13th,1,North,5,CHW,Fluid energy,AON,yes,no
641,Aon Basement Electricity,74000,Calculation,2000962,2000976,n/a,Basement,null,n/a,null,Floor Total Electricity,Electricity,AON,yes,no
642,Aon Reception Electricity,74100,Calculation,2000963,2000977,n/a,1st,null,n/a,null,Floor Total Electricity,Electricity,AON,yes,no
643,Aon Level 04 Electricity,74200,Calculation,2000964,2000978,n/a,4th,null,n/a,null,Floor Total Electricity,Electricity,AON,yes,no
644,Aon Level 05 Electricity,74300,Calculation,2000965,2000979,n/a,5th,null,n/a,null,Floor Total Electricity,Electricity,AON,yes,no
645,Aon Level 06 Electricity,74400,Calculation,2000966,2000980,n/a,6th,null,n/a,null,Floor Total Electricity,Electricity,AON,yes,no
646,Aon Level 07 Electricity,74500,Calculation,2000967,2000981,n/a,7th,null,n/a,null,Floor Total Electricity,Electricity,AON,yes,no
647,Aon Level 08 Electricity,74600,Calculation,2000968,2000982,n/a,8th,null,n/a,null,Floor Total Electricity,Electricity,AON,yes,no
648,Aon Level 09 Electricity,74700,Calculation,2000969,2000983,n/a,9th,null,n/a,null,Floor Total Electricity,Electricity,AON,yes,no
649,Aon Level 10 Electricity,74800,Calculation,2000970,2000984,n/a,10th,null,n/a,null,Floor Total Electricity,Electricity,AON,yes,no
650,Aon Level 11 Electricity,74900,Calculation,2000971,2000985,n/a,11th,null,n/a,null,Floor Total Electricity,Electricity,AON,yes,no
652,Aon Level 12 Electricity,75100,Calculation,2000972,2000986,n/a,12th,null,n/a,null,Floor Total Electricity,Electricity,AON,yes,no
653,Aon Level 13 Electricity,75200,Calculation,2000973,2000987,n/a,13th,null,n/a,null,Floor Total Electricity,Electricity,AON,yes,no
